Order_ID,Order_Date,Store_Name,City,State,Region,Store_Manager,Category,Product_Name,Quantity,Unit_Price,Discount_Percent,Sales,Cost,Profit,Payment_Method,Order_Status,Customer_Rating
ORD00001,2026-01-31,Chennai T Nagar,Chennai,Tamil Nadu,South,Karthik Iyer,Beauty,Face Wash,5,355.15,0,-1775.75,1100,-2875.75,Net Banking,Returned,4.8
ORD00002,2026-05-23,Lucknow Hazratganj,Lucknow,Uttar Pradesh,North,Sanjay Singh,Beauty,Perfume,5,1861.63,20,7446.52,5250,2196.52,Credit Card,Completed,4.2
ORD00003,2026-01-01,Delhi Connaught,Delhi,Delhi,North,Amit Verma,Electronics,Smartwatch,3,4642.54,20,11142.1,8700,2442.1,Cash,Completed,4.8
ORD00004,2026-06-23,Chennai T Nagar,Chennai,Tamil Nadu,South,Karthik Iyer,Clothing,Jacket,4,3120.48,10,11233.73,7600,3633.73,Net Banking,Completed,5.0
ORD00005,2026-06-13,Delhi Connaught,Delhi,Delhi,North,Amit Verma,Grocery,Tea 500g,1,281.61,10,253.45,210,43.45,Net Banking,Completed,3.3
ORD00006,2026-03-21,Jaipur Central,Jaipur,Rajasthan,West,Rajesh Sharma,Grocery,Biscuits Pack,3,99.61,0,298.83,216,82.83,Cash,Completed,4.2
ORD00007,2026-08-11,Delhi Connaught,Delhi,Delhi,North,Amit Verma,Home & Kitchen,Coffee Maker,5,5357.33,20,21429.32,18000,3429.32,Cash,Completed,4.0
ORD00008,2026-05-25,Hyderabad Banjara,Hyderabad,Telangana,South,Anjali Reddy,Beauty,Face Wash,5,360.68,5,1713.23,1100,613.23,Net Banking,Completed,4.6
ORD00009,2026-08-16,Delhi Connaught,Delhi,Delhi,North,Amit Verma,Beauty,Moisturizer,4,548.35,20,-1754.72,1360,-3114.72,UPI,Returned,4.7
ORD00010,2026-06-10,Hyderabad Banjara,Hyderabad,Telangana,South,Anjali Reddy,Home & Kitchen,Water Bottle,6,730.06,10,3942.32,2400,1542.32,Debit Card,Completed,4.3
ORD00011,2026-05-21,Hyderabad Banjara,Hyderabad,Telangana,South,Anjali Reddy,Home & Kitchen,Mixer Grinder,4,3686.96,10,13273.06,10800,2473.06,Net Banking,Completed,3.3
ORD00012,2026-04-28,Hyderabad Banjara,Hyderabad,Telangana,South,Anjali Reddy,Grocery,Biscuits Pack,2,97.6,20,156.16,144,12.16,Cash,Completed,4.5
ORD00013,2026-07-26,Lucknow Hazratganj,Lucknow,Uttar Pradesh,North,Sanjay Singh,Beauty,Shampoo,6,468.33,10,2528.98,1740,788.98,UPI,Completed,4.8
ORD00014,2026-04-23,Kolkata Park Street,Kolkata,West Bengal,East,Priya Sen,Home & Kitchen,Dinner Set,2,2512.14,20,0.0,3100,0.0,Debit Card,Cancelled,
ORD00015,2026-08-20,Hyderabad Banjara,Hyderabad,Telangana,South,Anjali Reddy,Grocery,Biscuits Pack,1,96.95,15,82.41,72,10.41,UPI,Completed,4.8
ORD00016,2026-01-01,Hyderabad Banjara,Hyderabad,Telangana,South,Anjali Reddy,Beauty,Perfume,5,1877.79,0,9388.95,5250,4138.95,UPI,Completed,3.4
ORD00017,2026-06-08,Jaipur Central,Jaipur,Rajasthan,West,Rajesh Sharma,Beauty,Shampoo,3,457.58,10,1235.47,870,365.47,Net Banking,Completed,3.6
ORD00018,2026-05-28,Hyderabad Banjara,Hyderabad,Telangana,South,Anjali Reddy,Clothing,T-Shirt,5,875.06,5,0.0,2500,0.0,Net Banking,Cancelled,
ORD00019,2026-03-16,Delhi Connaught,Delhi,Delhi,North,Amit Verma,Home & Kitchen,Coffee Maker,6,5023.26,5,28632.58,21600,7032.58,Debit Card,Completed,4.8
ORD00020,2026-05-10,Lucknow Hazratganj,Lucknow,Uttar Pradesh,North,Sanjay Singh,Home & Kitchen,Mixer Grinder,2,3807.61,5,7234.46,5400,1834.46,Cash,Completed,4.9
ORD00021,2026-08-16,Delhi Connaught,Delhi,Delhi,North,Amit Verma,Electronics,Laptop,3,55804.5,0,167413.5,126000,41413.5,Debit Card,Completed,4.0
ORD00022,2026-04-26,Chennai T Nagar,Chennai,Tamil Nadu,South,Karthik Iyer,Electronics,Smartwatch,4,4701.95,5,17867.41,11600,6267.41,Cash,Completed,4.0
ORD00023,2026-06-09,Chennai T Nagar,Chennai,Tamil Nadu,South,Karthik Iyer,Home & Kitchen,Dinner Set,5,2336.0,0,11680.0,7750,3930.0,Credit Card,Completed,3.1
ORD00024,2026-01-12,Jaipur Central,Jaipur,Rajasthan,West,Rajesh Sharma,Home & Kitchen,Dinner Set,6,2325.25,0,13951.5,9300,4651.5,Net Banking,Completed,4.1
ORD00025,2026-08-18,Mumbai Andheri,Mumbai,Maharashtra,West,Neha Kapoor,Clothing,Jeans,6,1861.99,15,9496.15,6300,3196.15,UPI,Completed,4.1
ORD00026,2026-04-09,Kolkata Park Street,Kolkata,West Bengal,East,Priya Sen,Clothing,Jeans,3,1741.45,20,4179.48,3150,1029.48,Cash,Completed,4.6
ORD00027,2026-03-15,Hyderabad Banjara,Hyderabad,Telangana,South,Anjali Reddy,Clothing,Jeans,3,1803.48,20,4328.35,3150,1178.35,Debit Card,Completed,4.6
ORD00028,2026-07-28,Delhi Connaught,Delhi,Delhi,North,Amit Verma,Clothing,Jacket,2,3041.57,0,-6083.14,3800,-9883.14,Cash,Returned,4.3
ORD00029,2026-05-20,Mumbai Andheri,Mumbai,Maharashtra,West,Neha Kapoor,Electronics,Smartphone,3,22762.39,10,61458.45,48000,13458.45,Net Banking,Completed,4.1
ORD00030,2026-02-25,Delhi Connaught,Delhi,Delhi,North,Amit Verma,Beauty,Moisturizer,6,537.93,5,3066.2,2040,1026.2,Net Banking,Completed,4.1
ORD00031,2026-02-03,Delhi Connaught,Delhi,Delhi,North,Amit Verma,Grocery,Rice 5kg,1,679.57,5,645.59,510,135.59,Debit Card,Completed,3.1
ORD00032,2026-07-04,Mumbai Andheri,Mumbai,Maharashtra,West,Neha Kapoor,Electronics,Smartwatch,5,4416.1,0,22080.5,14500,7580.5,Debit Card,Completed,3.6
ORD00033,2026-03-07,Delhi Connaught,Delhi,Delhi,North,Amit Verma,Electronics,Smartphone,4,22806.29,10,82102.64,64000,18102.64,UPI,Completed,3.0
ORD00034,2026-03-02,Jaipur Central,Jaipur,Rajasthan,West,Rajesh Sharma,Grocery,Cooking Oil 1L,1,143.91,10,129.52,120,9.52,Net Banking,Completed,3.9
ORD00035,2026-01-10,Lucknow Hazratganj,Lucknow,Uttar Pradesh,North,Sanjay Singh,Grocery,Tea 500g,5,272.04,20,1088.16,1050,38.16,UPI,Completed,4.4
ORD00036,2026-06-25,Chennai T Nagar,Chennai,Tamil Nadu,South,Karthik Iyer,Beauty,Face Wash,6,366.6,10,1979.64,1320,659.64,Debit Card,Completed,4.9
ORD00037,2026-01-15,Lucknow Hazratganj,Lucknow,Uttar Pradesh,North,Sanjay Singh,Electronics,Smartphone,3,22429.66,10,60560.08,48000,12560.08,UPI,Completed,4.5
ORD00038,2026-03-18,Lucknow Hazratganj,Lucknow,Uttar Pradesh,North,Sanjay Singh,Grocery,Tea 500g,5,291.28,10,1310.76,1050,260.76,UPI,Completed,3.1
ORD00039,2026-02-11,Delhi Connaught,Delhi,Delhi,North,Amit Verma,Electronics,Smartwatch,1,4331.56,10,3898.4,2900,998.4,Debit Card,Completed,4.9
ORD00040,2026-01-08,Lucknow Hazratganj,Lucknow,Uttar Pradesh,North,Sanjay Singh,Beauty,Perfume,2,1774.07,15,3015.92,2100,915.92,Credit Card,Completed,4.6
ORD00041,2026-07-18,Mumbai Andheri,Mumbai,Maharashtra,West,Neha Kapoor,Clothing,Jeans,5,1715.12,15,-7289.26,5250,-12539.26,Credit Card,Returned,4.6
ORD00042,2026-01-06,Jaipur Central,Jaipur,Rajasthan,West,Rajesh Sharma,Grocery,Rice 5kg,5,648.62,10,0.0,2550,0.0,Credit Card,Cancelled,
ORD00043,2026-06-10,Delhi Connaught,Delhi,Delhi,North,Amit Verma,Clothing,Jeans,5,1716.84,10,7725.78,5250,2475.78,Debit Card,Completed,4.0
ORD00044,2026-01-15,Jaipur Central,Jaipur,Rajasthan,West,Rajesh Sharma,Clothing,Sneakers,4,4014.48,5,15255.02,10400,4855.02,Cash,Completed,4.7
ORD00045,2026-07-01,Chennai T Nagar,Chennai,Tamil Nadu,South,Karthik Iyer,Clothing,Sneakers,5,4338.2,10,19521.9,13000,6521.9,Cash,Completed,3.7
ORD00046,2026-06-13,Hyderabad Banjara,Hyderabad,Telangana,South,Anjali Reddy,Beauty,Shampoo,4,467.87,10,1684.33,1160,524.33,Credit Card,Completed,4.3
ORD00047,2026-05-05,Jaipur Central,Jaipur,Rajasthan,West,Rajesh Sharma,Grocery,Biscuits Pack,5,102.02,0,510.1,360,150.1,Debit Card,Completed,3.2
ORD00048,2026-05-20,Kolkata Park Street,Kolkata,West Bengal,East,Priya Sen,Clothing,T-Shirt,6,921.56,0,5529.36,3000,2529.36,Net Banking,Completed,4.7
ORD00049,2026-03-20,Jaipur Central,Jaipur,Rajasthan,West,Rajesh Sharma,Home & Kitchen,Mixer Grinder,4,3814.81,5,0.0,10800,0.0,UPI,Cancelled,
ORD00050,2026-01-22,Mumbai Andheri,Mumbai,Maharashtra,West,Neha Kapoor,Home & Kitchen,Mixer Grinder,3,3818.05,10,10308.74,8100,2208.74,Credit Card,Completed,4.2
ORD00051,2026-02-11,Kolkata Park Street,Kolkata,West Bengal,East,Priya Sen,Grocery,Cooking Oil 1L,5,146.78,5,0.0,600,0.0,Credit Card,Cancelled,
ORD00052,2026-07-11,Jaipur Central,Jaipur,Rajasthan,West,Rajesh Sharma,Beauty,Moisturizer,6,548.9,15,2799.39,2040,759.39,Net Banking,Completed,4.5
ORD00053,2026-02-13,Jaipur Central,Jaipur,Rajasthan,West,Rajesh Sharma,Clothing,Jeans,3,1807.04,5,5150.06,3150,2000.06,UPI,Completed,3.2
ORD00054,2026-08-04,Chennai T Nagar,Chennai,Tamil Nadu,South,Karthik Iyer,Electronics,Headphones,3,1764.48,5,5028.77,3300,1728.77,UPI,Completed,3.5
ORD00055,2026-03-25,Hyderabad Banjara,Hyderabad,Telangana,South,Anjali Reddy,Electronics,Smartwatch,6,4307.91,10,23262.71,17400,5862.71,Debit Card,Completed,4.3
ORD00056,2026-05-02,Hyderabad Banjara,Hyderabad,Telangana,South,Anjali Reddy,Electronics,Smartwatch,5,4508.53,10,20288.38,14500,5788.38,Net Banking,Completed,3.9
ORD00057,2026-03-30,Delhi Connaught,Delhi,Delhi,North,Amit Verma,Electronics,Headphones,1,1855.52,10,1669.97,1100,569.97,Credit Card,Completed,4.3
ORD00058,2026-03-25,Lucknow Hazratganj,Lucknow,Uttar Pradesh,North,Sanjay Singh,Beauty,Face Wash,5,344.11,20,1376.44,1100,276.44,Cash,Completed,3.4
ORD00059,2026-02-26,Chennai T Nagar,Chennai,Tamil Nadu,South,Karthik Iyer,Grocery,Biscuits Pack,4,103.32,15,351.29,288,63.29,Net Banking,Completed,3.9
ORD00060,2026-06-18,Mumbai Andheri,Mumbai,Maharashtra,West,Neha Kapoor,Home & Kitchen,Coffee Maker,3,5111.07,0,15333.21,10800,4533.21,Cash,Completed,4.7
ORD00061,2026-03-09,Mumbai Andheri,Mumbai,Maharashtra,West,Neha Kapoor,Beauty,Shampoo,6,439.57,10,0.0,1740,0.0,Net Banking,Cancelled,
ORD00062,2026-07-17,Delhi Connaught,Delhi,Delhi,North,Amit Verma,Grocery,Rice 5kg,3,654.84,15,1669.84,1530,139.84,Debit Card,Completed,4.1
ORD00063,2026-06-22,Lucknow Hazratganj,Lucknow,Uttar Pradesh,North,Sanjay Singh,Grocery,Tea 500g,1,285.02,20,-228.02,210,-438.02,Net Banking,Returned,4.7
ORD00064,2026-05-13,Bengaluru MG Road,Bengaluru,Karnataka,South,Vikram Rao,Home & Kitchen,Coffee Maker,3,5277.08,0,-15831.24,10800,-26631.24,UPI,Returned,4.4
ORD00065,2026-03-10,Kolkata Park Street,Kolkata,West Bengal,East,Priya Sen,Clothing,T-Shirt,3,907.11,15,2313.13,1500,813.13,Cash,Completed,4.6
ORD00066,2026-03-28,Jaipur Central,Jaipur,Rajasthan,West,Rajesh Sharma,Electronics,Laptop,2,55749.49,10,100349.08,84000,16349.08,Cash,Completed,4.6
ORD00067,2026-05-12,Kolkata Park Street,Kolkata,West Bengal,East,Priya Sen,Beauty,Moisturizer,6,542.82,5,3094.07,2040,1054.07,UPI,Completed,3.0
ORD00068,2026-02-09,Chennai T Nagar,Chennai,Tamil Nadu,South,Karthik Iyer,Clothing,Sneakers,4,4076.68,5,15491.38,10400,5091.38,Cash,Completed,3.2
ORD00069,2026-07-02,Mumbai Andheri,Mumbai,Maharashtra,West,Neha Kapoor,Electronics,Smartwatch,1,4396.89,15,3737.36,2900,837.36,Net Banking,Completed,4.1
ORD00070,2026-03-01,Hyderabad Banjara,Hyderabad,Telangana,South,Anjali Reddy,Grocery,Tea 500g,3,275.73,20,661.75,630,31.75,Debit Card,Completed,4.8
ORD00071,2026-01-10,Hyderabad Banjara,Hyderabad,Telangana,South,Anjali Reddy,Clothing,T-Shirt,1,898.26,10,808.43,500,308.43,Credit Card,Completed,4.5
ORD00072,2026-04-05,Kolkata Park Street,Kolkata,West Bengal,East,Priya Sen,Beauty,Face Wash,6,346.5,5,1975.05,1320,655.05,UPI,Completed,4.6
ORD00073,2026-07-05,Kolkata Park Street,Kolkata,West Bengal,East,Priya Sen,Home & Kitchen,Water Bottle,5,671.35,10,3021.08,2000,1021.08,Debit Card,Completed,4.3
ORD00074,2026-02-16,Delhi Connaught,Delhi,Delhi,North,Amit Verma,Beauty,Shampoo,2,461.67,15,784.84,580,204.84,Credit Card,Completed,4.9
ORD00075,2026-01-08,Hyderabad Banjara,Hyderabad,Telangana,South,Anjali Reddy,Clothing,Sneakers,2,4170.17,5,7923.32,5200,2723.32,Debit Card,Completed,4.6
ORD00076,2026-07-18,Hyderabad Banjara,Hyderabad,Telangana,South,Anjali Reddy,Clothing,T-Shirt,5,916.06,10,4122.27,2500,1622.27,Net Banking,Completed,4.3
ORD00077,2026-06-07,Bengaluru MG Road,Bengaluru,Karnataka,South,Vikram Rao,Clothing,T-Shirt,5,904.62,5,4296.94,2500,1796.94,Net Banking,Completed,3.3
ORD00078,2026-01-16,Jaipur Central,Jaipur,Rajasthan,West,Rajesh Sharma,Grocery,Rice 5kg,3,678.66,5,1934.18,1530,404.18,Debit Card,Completed,4.9
ORD00079,2026-02-02,Hyderabad Banjara,Hyderabad,Telangana,South,Anjali Reddy,Clothing,Jeans,2,1834.74,5,3486.01,2100,1386.01,Net Banking,Completed,3.8
ORD00080,2026-05-06,Jaipur Central,Jaipur,Rajasthan,West,Rajesh Sharma,Grocery,Cooking Oil 1L,2,150.22,0,300.44,240,60.44,Credit Card,Completed,4.5
ORD00081,2026-08-19,Chennai T Nagar,Chennai,Tamil Nadu,South,Karthik Iyer,Clothing,T-Shirt,6,900.74,20,4323.55,3000,1323.55,Net Banking,Completed,3.2
ORD00082,2026-08-05,Kolkata Park Street,Kolkata,West Bengal,East,Priya Sen,Grocery,Tea 500g,1,270.59,5,257.06,210,47.06,Cash,Completed,3.2
ORD00083,2026-02-21,Mumbai Andheri,Mumbai,Maharashtra,West,Neha Kapoor,Clothing,Sneakers,2,4267.88,20,6828.61,5200,1628.61,Cash,Completed,3.3
ORD00084,2026-07-04,Lucknow Hazratganj,Lucknow,Uttar Pradesh,North,Sanjay Singh,Home & Kitchen,Dinner Set,3,2449.21,10,6612.87,4650,1962.87,Net Banking,Completed,3.9
ORD00085,2026-06-05,Hyderabad Banjara,Hyderabad,Telangana,South,Anjali Reddy,Electronics,Headphones,2,1843.03,0,3686.06,2200,1486.06,Net Banking,Completed,3.7
ORD00086,2026-06-26,Mumbai Andheri,Mumbai,Maharashtra,West,Neha Kapoor,Electronics,Smartwatch,2,4366.61,15,7423.24,5800,1623.24,Cash,Completed,4.9
ORD00087,2026-01-08,Mumbai Andheri,Mumbai,Maharashtra,West,Neha Kapoor,Grocery,Rice 5kg,3,665.54,15,1697.13,1530,167.13,Debit Card,Completed,4.0
ORD00088,2026-08-04,Chennai T Nagar,Chennai,Tamil Nadu,South,Karthik Iyer,Home & Kitchen,Water Bottle,2,672.52,5,1277.79,800,477.79,Cash,Completed,4.9
ORD00089,2026-04-07,Jaipur Central,Jaipur,Rajasthan,West,Rajesh Sharma,Beauty,Shampoo,3,461.47,0,1384.41,870,514.41,Net Banking,Completed,3.7
ORD00090,2026-07-30,Delhi Connaught,Delhi,Delhi,North,Amit Verma,Grocery,Rice 5kg,3,619.92,0,1859.76,1530,329.76,Net Banking,Completed,4.8
ORD00091,2026-01-28,Lucknow Hazratganj,Lucknow,Uttar Pradesh,North,Sanjay Singh,Beauty,Perfume,4,1820.4,0,7281.6,4200,3081.6,UPI,Completed,3.6
ORD00092,2026-01-27,Lucknow Hazratganj,Lucknow,Uttar Pradesh,North,Sanjay Singh,Electronics,Headphones,2,1806.26,10,3251.27,2200,1051.27,UPI,Completed,3.1
ORD00093,2026-07-12,Delhi Connaught,Delhi,Delhi,North,Amit Verma,Grocery,Tea 500g,6,270.29,20,1297.39,1260,37.39,Cash,Completed,4.4
ORD00094,2026-06-26,Bengaluru MG Road,Bengaluru,Karnataka,South,Vikram Rao,Home & Kitchen,Mixer Grinder,2,3805.35,10,6849.63,5400,1449.63,Net Banking,Completed,4.0
ORD00095,2026-02-17,Hyderabad Banjara,Hyderabad,Telangana,South,Anjali Reddy,Clothing,Jacket,1,3228.28,15,2744.04,1900,844.04,Credit Card,Completed,3.0
ORD00096,2026-04-09,Jaipur Central,Jaipur,Rajasthan,West,Rajesh Sharma,Beauty,Face Wash,4,359.96,10,1295.86,880,415.86,Debit Card,Completed,4.0
ORD00097,2026-07-16,Lucknow Hazratganj,Lucknow,Uttar Pradesh,North,Sanjay Singh,Beauty,Perfume,1,1773.62,5,0.0,1050,0.0,UPI,Cancelled,
ORD00098,2026-05-25,Chennai T Nagar,Chennai,Tamil Nadu,South,Karthik Iyer,Clothing,Jacket,5,3064.31,5,14555.47,9500,5055.47,UPI,Completed,4.6
ORD00099,2026-07-26,Lucknow Hazratganj,Lucknow,Uttar Pradesh,North,Sanjay Singh,Home & Kitchen,Mixer Grinder,1,3702.84,0,3702.84,2700,1002.84,Net Banking,Completed,4.6
ORD00100,2026-03-10,Chennai T Nagar,Chennai,Tamil Nadu,South,Karthik Iyer,Electronics,Headphones,3,1740.17,0,5220.51,3300,1920.51,Net Banking,Completed,4.7
ORD00101,2026-01-30,Hyderabad Banjara,Hyderabad,Telangana,South,Anjali Reddy,Beauty,Shampoo,6,429.1,20,2059.68,1740,319.68,UPI,Completed,4.0
ORD00102,2026-08-27,Bengaluru MG Road,Bengaluru,Karnataka,South,Vikram Rao,Home & Kitchen,Water Bottle,1,685.39,5,651.12,400,251.12,UPI,Completed,3.6
ORD00103,2026-03-15,Jaipur Central,Jaipur,Rajasthan,West,Rajesh Sharma,Home & Kitchen,Water Bottle,3,669.99,5,1909.47,1200,709.47,Net Banking,Completed,4.0
ORD00104,2026-03-02,Hyderabad Banjara,Hyderabad,Telangana,South,Anjali Reddy,Electronics,Laptop,5,54186.07,15,230290.8,210000,20290.8,UPI,Completed,3.5
ORD00105,2026-04-16,Lucknow Hazratganj,Lucknow,Uttar Pradesh,North,Sanjay Singh,Beauty,Shampoo,1,447.35,5,424.98,290,134.98,Credit Card,Completed,3.3
ORD00106,2026-05-10,Chennai T Nagar,Chennai,Tamil Nadu,South,Karthik Iyer,Home & Kitchen,Mixer Grinder,3,3983.76,5,11353.72,8100,3253.72,UPI,Completed,3.0
ORD00107,2026-07-11,Mumbai Andheri,Mumbai,Maharashtra,West,Neha Kapoor,Beauty,Perfume,5,1850.21,20,-7400.84,5250,-12650.84,Debit Card,Returned,3.3
ORD00108,2026-02-14,Hyderabad Banjara,Hyderabad,Telangana,South,Anjali Reddy,Beauty,Shampoo,1,433.74,15,368.68,290,78.68,Cash,Completed,4.4
ORD00109,2026-06-21,Chennai T Nagar,Chennai,Tamil Nadu,South,Karthik Iyer,Beauty,Face Wash,3,335.41,0,1006.23,660,346.23,Cash,Completed,3.5
ORD00110,2026-08-13,Bengaluru MG Road,Bengaluru,Karnataka,South,Vikram Rao,Grocery,Cooking Oil 1L,5,152.63,5,724.99,600,124.99,UPI,Completed,4.1
ORD00111,2026-03-29,Mumbai Andheri,Mumbai,Maharashtra,West,Neha Kapoor,Home & Kitchen,Dinner Set,5,2303.3,20,9213.2,7750,1463.2,Net Banking,Completed,3.3
ORD00112,2026-08-27,Hyderabad Banjara,Hyderabad,Telangana,South,Anjali Reddy,Electronics,Smartwatch,1,4332.23,10,3899.01,2900,999.01,UPI,Completed,4.9
ORD00113,2026-04-24,Kolkata Park Street,Kolkata,West Bengal,East,Priya Sen,Clothing,T-Shirt,4,912.02,0,3648.08,2000,1648.08,Credit Card,Completed,3.2
ORD00114,2026-08-01,Chennai T Nagar,Chennai,Tamil Nadu,South,Karthik Iyer,Home & Kitchen,Dinner Set,1,2482.99,10,2234.69,1550,684.69,Debit Card,Completed,3.9
ORD00115,2026-03-06,Hyderabad Banjara,Hyderabad,Telangana,South,Anjali Reddy,Beauty,Moisturizer,4,548.32,10,1973.95,1360,613.95,Net Banking,Completed,3.2
ORD00116,2026-01-08,Bengaluru MG Road,Bengaluru,Karnataka,South,Vikram Rao,Clothing,Jacket,6,3134.23,15,15984.57,11400,4584.57,Debit Card,Completed,4.4
ORD00117,2026-02-12,Delhi Connaught,Delhi,Delhi,North,Amit Verma,Clothing,Sneakers,4,4043.95,10,14558.22,10400,4158.22,Net Banking,Completed,3.8
ORD00118,2026-05-21,Kolkata Park Street,Kolkata,West Bengal,East,Priya Sen,Beauty,Shampoo,5,471.19,10,2120.36,1450,670.36,Credit Card,Completed,4.8
ORD00119,2026-02-14,Kolkata Park Street,Kolkata,West Bengal,East,Priya Sen,Electronics,Laptop,6,55666.56,5,317299.39,252000,65299.39,Net Banking,Completed,4.7
ORD00120,2026-02-02,Hyderabad Banjara,Hyderabad,Telangana,South,Anjali Reddy,Home & Kitchen,Mixer Grinder,6,3798.82,0,22792.92,16200,6592.92,Net Banking,Completed,4.5
ORD00121,2026-05-12,Chennai T Nagar,Chennai,Tamil Nadu,South,Karthik Iyer,Beauty,Shampoo,3,465.14,5,0.0,870,0.0,Net Banking,Cancelled,
ORD00122,2026-08-14,Kolkata Park Street,Kolkata,West Bengal,East,Priya Sen,Beauty,Moisturizer,5,541.76,10,2437.92,1700,737.92,UPI,Completed,4.1
ORD00123,2026-04-18,Lucknow Hazratganj,Lucknow,Uttar Pradesh,North,Sanjay Singh,Home & Kitchen,Mixer Grinder,5,3949.07,10,17770.82,13500,4270.82,Net Banking,Completed,4.6
ORD00124,2026-05-30,Lucknow Hazratganj,Lucknow,Uttar Pradesh,North,Sanjay Singh,Grocery,Biscuits Pack,6,103.65,0,621.9,432,189.9,Cash,Completed,3.4
ORD00125,2026-06-08,Lucknow Hazratganj,Lucknow,Uttar Pradesh,North,Sanjay Singh,Home & Kitchen,Water Bottle,2,695.48,5,1321.41,800,521.41,UPI,Completed,4.1
ORD00126,2026-01-30,Bengaluru MG Road,Bengaluru,Karnataka,South,Vikram Rao,Home & Kitchen,Mixer Grinder,1,3783.8,10,3405.42,2700,705.42,UPI,Completed,5.0
ORD00127,2026-04-17,Bengaluru MG Road,Bengaluru,Karnataka,South,Vikram Rao,Grocery,Tea 500g,3,291.13,0,-873.39,630,-1503.39,Credit Card,Returned,4.5
ORD00128,2026-04-28,Lucknow Hazratganj,Lucknow,Uttar Pradesh,North,Sanjay Singh,Electronics,Smartwatch,6,4322.47,5,-24638.08,17400,-42038.08,Cash,Returned,4.1
ORD00129,2026-03-29,Mumbai Andheri,Mumbai,Maharashtra,West,Neha Kapoor,Electronics,Smartwatch,1,4430.89,5,4209.35,2900,1309.35,UPI,Completed,4.9
ORD00130,2026-08-24,Lucknow Hazratganj,Lucknow,Uttar Pradesh,North,Sanjay Singh,Clothing,T-Shirt,1,856.85,20,685.48,500,185.48,Cash,Completed,5.0
ORD00131,2026-05-08,Jaipur Central,Jaipur,Rajasthan,West,Rajesh Sharma,Home & Kitchen,Dinner Set,4,2364.37,0,0.0,6200,0.0,Cash,Cancelled,
ORD00132,2026-02-16,Lucknow Hazratganj,Lucknow,Uttar Pradesh,North,Sanjay Singh,Electronics,Headphones,3,1838.32,5,5239.21,3300,1939.21,Credit Card,Completed,3.7
ORD00133,2026-01-03,Mumbai Andheri,Mumbai,Maharashtra,West,Neha Kapoor,Beauty,Moisturizer,5,566.02,10,2547.09,1700,847.09,UPI,Completed,3.9
ORD00134,2026-06-27,Bengaluru MG Road,Bengaluru,Karnataka,South,Vikram Rao,Grocery,Biscuits Pack,1,99.1,0,99.1,72,27.1,Debit Card,Completed,4.2
ORD00135,2026-04-20,Kolkata Park Street,Kolkata,West Bengal,East,Priya Sen,Clothing,Sneakers,6,4336.41,5,24717.54,15600,9117.54,Net Banking,Completed,3.5
ORD00136,2026-06-06,Kolkata Park Street,Kolkata,West Bengal,East,Priya Sen,Beauty,Face Wash,4,342.65,10,1233.54,880,353.54,Net Banking,Completed,4.9
ORD00137,2026-04-24,Mumbai Andheri,Mumbai,Maharashtra,West,Neha Kapoor,Grocery,Biscuits Pack,5,98.09,10,441.41,360,81.41,Credit Card,Completed,4.7
ORD00138,2026-01-01,Bengaluru MG Road,Bengaluru,Karnataka,South,Vikram Rao,Beauty,Moisturizer,5,541.07,10,2434.82,1700,734.82,UPI,Completed,4.9
ORD00139,2026-06-19,Chennai T Nagar,Chennai,Tamil Nadu,South,Karthik Iyer,Home & Kitchen,Mixer Grinder,6,3771.24,20,18101.95,16200,1901.95,Debit Card,Completed,4.4
ORD00140,2026-08-11,Lucknow Hazratganj,Lucknow,Uttar Pradesh,North,Sanjay Singh,Home & Kitchen,Dinner Set,5,2357.87,15,10020.95,7750,2270.95,Cash,Completed,4.5
ORD00141,2026-07-08,Chennai T Nagar,Chennai,Tamil Nadu,South,Karthik Iyer,Grocery,Rice 5kg,4,618.15,15,2101.71,2040,61.71,Debit Card,Completed,4.2
ORD00142,2026-05-19,Jaipur Central,Jaipur,Rajasthan,West,Rajesh Sharma,Electronics,Smartwatch,3,4469.29,15,11396.69,8700,2696.69,Debit Card,Completed,4.7
ORD00143,2026-01-01,Bengaluru MG Road,Bengaluru,Karnataka,South,Vikram Rao,Clothing,Jacket,1,3064.93,5,2911.68,1900,1011.68,Net Banking,Completed,3.7
ORD00144,2026-05-19,Hyderabad Banjara,Hyderabad,Telangana,South,Anjali Reddy,Electronics,Smartwatch,6,4550.64,0,27303.84,17400,9903.84,Cash,Completed,3.2
ORD00145,2026-02-28,Delhi Connaught,Delhi,Delhi,North,Amit Verma,Electronics,Headphones,1,1852.96,0,0.0,1100,0.0,Cash,Cancelled,
ORD00146,2026-01-10,Mumbai Andheri,Mumbai,Maharashtra,West,Neha Kapoor,Home & Kitchen,Dinner Set,5,2456.58,10,11054.61,7750,3304.61,Cash,Completed,3.7
ORD00147,2026-02-18,Jaipur Central,Jaipur,Rajasthan,West,Rajesh Sharma,Home & Kitchen,Coffee Maker,3,5017.78,5,14300.67,10800,3500.67,UPI,Completed,4.4
ORD00148,2026-04-27,Lucknow Hazratganj,Lucknow,Uttar Pradesh,North,Sanjay Singh,Home & Kitchen,Water Bottle,4,709.49,5,2696.06,1600,1096.06,UPI,Completed,3.6
ORD00149,2026-07-23,Mumbai Andheri,Mumbai,Maharashtra,West,Neha Kapoor,Home & Kitchen,Coffee Maker,2,5080.26,20,8128.42,7200,928.42,Debit Card,Completed,3.3
ORD00150,2026-02-10,Kolkata Park Street,Kolkata,West Bengal,East,Priya Sen,Electronics,Smartphone,1,21325.31,15,18126.51,16000,2126.51,UPI,Completed,3.8
ORD00151,2026-08-08,Jaipur Central,Jaipur,Rajasthan,West,Rajesh Sharma,Grocery,Biscuits Pack,5,101.7,10,457.65,360,97.65,Debit Card,Completed,3.4
ORD00152,2026-01-24,Kolkata Park Street,Kolkata,West Bengal,East,Priya Sen,Beauty,Shampoo,5,432.5,0,2162.5,1450,712.5,Debit Card,Completed,3.9
ORD00153,2026-07-21,Mumbai Andheri,Mumbai,Maharashtra,West,Neha Kapoor,Clothing,Jeans,2,1744.95,10,3140.91,2100,1040.91,Net Banking,Completed,3.8
ORD00154,2026-06-15,Hyderabad Banjara,Hyderabad,Telangana,South,Anjali Reddy,Grocery,Biscuits Pack,2,96.88,5,-184.07,144,-328.07,Net Banking,Returned,3.9
ORD00155,2026-02-04,Kolkata Park Street,Kolkata,West Bengal,East,Priya Sen,Beauty,Shampoo,1,472.01,10,424.81,290,134.81,Debit Card,Completed,3.5
ORD00156,2026-05-02,Jaipur Central,Jaipur,Rajasthan,West,Rajesh Sharma,Grocery,Cooking Oil 1L,2,146.52,15,-249.08,240,-489.08,UPI,Returned,4.9
ORD00157,2026-02-23,Kolkata Park Street,Kolkata,West Bengal,East,Priya Sen,Electronics,Smartwatch,3,4710.43,15,12011.6,8700,3311.6,Debit Card,Completed,3.6
ORD00158,2026-02-03,Jaipur Central,Jaipur,Rajasthan,West,Rajesh Sharma,Electronics,Headphones,3,1846.14,0,-5538.42,3300,-8838.42,Net Banking,Returned,4.3
ORD00159,2026-01-03,Jaipur Central,Jaipur,Rajasthan,West,Rajesh Sharma,Grocery,Tea 500g,2,266.78,10,480.2,420,60.2,Net Banking,Completed,4.0
ORD00160,2026-08-03,Lucknow Hazratganj,Lucknow,Uttar Pradesh,North,Sanjay Singh,Grocery,Tea 500g,5,286.89,5,1362.73,1050,312.73,Net Banking,Completed,4.7
ORD00161,2026-07-03,Hyderabad Banjara,Hyderabad,Telangana,South,Anjali Reddy,Home & Kitchen,Water Bottle,6,695.03,10,-3753.16,2400,-6153.16,Debit Card,Returned,3.4
ORD00162,2026-05-23,Chennai T Nagar,Chennai,Tamil Nadu,South,Karthik Iyer,Home & Kitchen,Mixer Grinder,5,3936.83,0,19684.15,13500,6184.15,UPI,Completed,4.8
ORD00163,2026-04-21,Hyderabad Banjara,Hyderabad,Telangana,South,Anjali Reddy,Electronics,Laptop,6,55541.19,20,266597.71,252000,14597.71,Cash,Completed,4.3
ORD00164,2026-01-31,Chennai T Nagar,Chennai,Tamil Nadu,South,Karthik Iyer,Electronics,Smartwatch,3,4328.03,15,11036.48,8700,2336.48,Credit Card,Completed,3.4
ORD00165,2026-04-28,Jaipur Central,Jaipur,Rajasthan,West,Rajesh Sharma,Electronics,Smartwatch,1,4608.0,20,3686.4,2900,786.4,Credit Card,Completed,3.8
ORD00166,2026-07-28,Bengaluru MG Road,Bengaluru,Karnataka,South,Vikram Rao,Beauty,Moisturizer,3,532.36,15,1357.52,1020,337.52,Net Banking,Completed,4.6
ORD00167,2026-04-21,Bengaluru MG Road,Bengaluru,Karnataka,South,Vikram Rao,Electronics,Headphones,4,1777.66,10,-6399.58,4400,-10799.58,Net Banking,Returned,4.2
ORD00168,2026-05-27,Hyderabad Banjara,Hyderabad,Telangana,South,Anjali Reddy,Grocery,Rice 5kg,3,681.1,5,1941.13,1530,411.13,Debit Card,Completed,4.6
ORD00169,2026-05-21,Delhi Connaught,Delhi,Delhi,North,Amit Verma,Clothing,Jacket,6,3125.76,0,18754.56,11400,7354.56,Credit Card,Completed,3.4
ORD00170,2026-08-27,Kolkata Park Street,Kolkata,West Bengal,East,Priya Sen,Beauty,Moisturizer,4,548.16,20,1754.11,1360,394.11,Debit Card,Completed,3.5
ORD00171,2026-06-27,Delhi Connaught,Delhi,Delhi,North,Amit Verma,Electronics,Laptop,3,56834.77,20,136403.45,126000,10403.45,Cash,Completed,4.6
ORD00172,2026-08-16,Lucknow Hazratganj,Lucknow,Uttar Pradesh,North,Sanjay Singh,Grocery,Tea 500g,4,268.56,10,966.82,840,126.82,Credit Card,Completed,3.1
ORD00173,2026-03-05,Chennai T Nagar,Chennai,Tamil Nadu,South,Karthik Iyer,Beauty,Perfume,3,1880.85,10,5078.29,3150,1928.29,Debit Card,Completed,3.5
ORD00174,2026-08-22,Mumbai Andheri,Mumbai,Maharashtra,West,Neha Kapoor,Beauty,Perfume,3,1849.72,10,4994.24,3150,1844.24,UPI,Completed,4.0
ORD00175,2026-07-16,Mumbai Andheri,Mumbai,Maharashtra,West,Neha Kapoor,Grocery,Rice 5kg,3,643.35,5,1833.55,1530,303.55,Debit Card,Completed,3.2
ORD00176,2026-04-14,Jaipur Central,Jaipur,Rajasthan,West,Rajesh Sharma,Beauty,Shampoo,1,430.63,0,0.0,290,0.0,UPI,Cancelled,
ORD00177,2026-06-10,Chennai T Nagar,Chennai,Tamil Nadu,South,Karthik Iyer,Clothing,T-Shirt,1,856.89,0,856.89,500,356.89,UPI,Completed,4.2
ORD00178,2026-04-24,Jaipur Central,Jaipur,Rajasthan,West,Rajesh Sharma,Clothing,Jacket,5,3089.87,5,0.0,9500,0.0,UPI,Cancelled,
ORD00179,2026-04-06,Hyderabad Banjara,Hyderabad,Telangana,South,Anjali Reddy,Electronics,Laptop,2,52449.05,20,83918.48,84000,-81.52,UPI,Completed,4.1
ORD00180,2026-08-18,Lucknow Hazratganj,Lucknow,Uttar Pradesh,North,Sanjay Singh,Home & Kitchen,Mixer Grinder,1,3951.28,10,3556.15,2700,856.15,UPI,Completed,3.7
ORD00181,2026-01-02,Mumbai Andheri,Mumbai,Maharashtra,West,Neha Kapoor,Electronics,Smartphone,2,22025.76,0,44051.52,32000,12051.52,Credit Card,Completed,3.6
ORD00182,2026-01-01,Jaipur Central,Jaipur,Rajasthan,West,Rajesh Sharma,Grocery,Cooking Oil 1L,2,148.35,20,0.0,240,0.0,Cash,Cancelled,
ORD00183,2026-05-07,Delhi Connaught,Delhi,Delhi,North,Amit Verma,Grocery,Tea 500g,3,270.99,5,-772.32,630,-1402.32,Credit Card,Returned,3.2
ORD00184,2026-04-18,Hyderabad Banjara,Hyderabad,Telangana,South,Anjali Reddy,Electronics,Laptop,5,56124.37,5,266590.76,210000,56590.76,Cash,Completed,4.7
ORD00185,2026-05-02,Jaipur Central,Jaipur,Rajasthan,West,Rajesh Sharma,Grocery,Tea 500g,4,282.9,5,1075.02,840,235.02,Credit Card,Completed,4.2
ORD00186,2026-06-02,Delhi Connaught,Delhi,Delhi,North,Amit Verma,Clothing,Jacket,2,3197.21,5,0.0,3800,0.0,UPI,Cancelled,
ORD00187,2026-05-12,Lucknow Hazratganj,Lucknow,Uttar Pradesh,North,Sanjay Singh,Electronics,Smartwatch,3,4526.12,0,13578.36,8700,4878.36,Net Banking,Completed,4.2
ORD00188,2026-06-03,Delhi Connaught,Delhi,Delhi,North,Amit Verma,Grocery,Cooking Oil 1L,4,156.38,15,531.69,480,51.69,Debit Card,Completed,3.7
ORD00189,2026-05-20,Chennai T Nagar,Chennai,Tamil Nadu,South,Karthik Iyer,Electronics,Laptop,4,54423.97,5,206811.09,168000,38811.09,Cash,Completed,3.2
ORD00190,2026-04-17,Mumbai Andheri,Mumbai,Maharashtra,West,Neha Kapoor,Grocery,Tea 500g,5,278.99,10,1255.46,1050,205.46,Debit Card,Completed,3.2
ORD00191,2026-01-31,Hyderabad Banjara,Hyderabad,Telangana,South,Anjali Reddy,Clothing,Jeans,4,1757.8,15,5976.52,4200,1776.52,Credit Card,Completed,3.3
ORD00192,2026-05-27,Jaipur Central,Jaipur,Rajasthan,West,Rajesh Sharma,Beauty,Moisturizer,2,523.32,5,994.31,680,314.31,Credit Card,Completed,3.6
ORD00193,2026-01-07,Kolkata Park Street,Kolkata,West Bengal,East,Priya Sen,Clothing,T-Shirt,4,869.68,5,0.0,2000,0.0,UPI,Cancelled,
ORD00194,2026-07-20,Chennai T Nagar,Chennai,Tamil Nadu,South,Karthik Iyer,Electronics,Laptop,4,52581.2,0,210324.8,168000,42324.8,Net Banking,Completed,4.0
ORD00195,2026-04-26,Jaipur Central,Jaipur,Rajasthan,West,Rajesh Sharma,Grocery,Cooking Oil 1L,1,147.19,20,-117.75,120,-237.75,UPI,Returned,3.1
ORD00196,2026-03-01,Bengaluru MG Road,Bengaluru,Karnataka,South,Vikram Rao,Clothing,T-Shirt,3,932.94,15,2379.0,1500,879.0,Cash,Completed,4.8
ORD00197,2026-07-06,Bengaluru MG Road,Bengaluru,Karnataka,South,Vikram Rao,Home & Kitchen,Water Bottle,5,730.87,5,-3471.63,2000,-5471.63,UPI,Returned,3.8
ORD00198,2026-06-14,Mumbai Andheri,Mumbai,Maharashtra,West,Neha Kapoor,Electronics,Smartwatch,6,4659.94,15,23765.69,17400,6365.69,Credit Card,Completed,3.3
ORD00199,2026-05-16,Chennai T Nagar,Chennai,Tamil Nadu,South,Karthik Iyer,Home & Kitchen,Mixer Grinder,1,3783.29,0,3783.29,2700,1083.29,Cash,Completed,3.4
ORD00200,2026-07-15,Lucknow Hazratganj,Lucknow,Uttar Pradesh,North,Sanjay Singh,Beauty,Moisturizer,3,533.75,5,1521.19,1020,501.19,Cash,Completed,3.6
ORD00201,2026-08-11,Chennai T Nagar,Chennai,Tamil Nadu,South,Karthik Iyer,Grocery,Tea 500g,1,267.84,10,241.06,210,31.06,UPI,Completed,4.5
ORD00202,2026-04-22,Bengaluru MG Road,Bengaluru,Karnataka,South,Vikram Rao,Home & Kitchen,Water Bottle,1,715.72,20,572.58,400,172.58,Credit Card,Completed,4.3
ORD00203,2026-07-15,Kolkata Park Street,Kolkata,West Bengal,East,Priya Sen,Clothing,Sneakers,2,4254.55,0,8509.1,5200,3309.1,UPI,Completed,4.1
ORD00204,2026-06-02,Lucknow Hazratganj,Lucknow,Uttar Pradesh,North,Sanjay Singh,Beauty,Shampoo,1,462.25,10,416.03,290,126.03,UPI,Completed,3.2
ORD00205,2026-01-11,Bengaluru MG Road,Bengaluru,Karnataka,South,Vikram Rao,Electronics,Smartphone,2,21289.3,0,42578.6,32000,10578.6,Credit Card,Completed,3.7
ORD00206,2026-01-01,Chennai T Nagar,Chennai,Tamil Nadu,South,Karthik Iyer,Electronics,Smartwatch,1,4397.59,5,4177.71,2900,1277.71,UPI,Completed,3.5
ORD00207,2026-07-26,Bengaluru MG Road,Bengaluru,Karnataka,South,Vikram Rao,Grocery,Cooking Oil 1L,1,151.01,5,143.46,120,23.46,Cash,Completed,5.0
ORD00208,2026-07-08,Delhi Connaught,Delhi,Delhi,North,Amit Verma,Clothing,Sneakers,3,4325.83,0,-12977.49,7800,-20777.49,Credit Card,Returned,3.3
ORD00209,2026-02-25,Lucknow Hazratganj,Lucknow,Uttar Pradesh,North,Sanjay Singh,Clothing,Jacket,4,3293.79,20,10540.13,7600,2940.13,UPI,Completed,3.1
ORD00210,2026-04-03,Kolkata Park Street,Kolkata,West Bengal,East,Priya Sen,Clothing,Jeans,3,1861.76,10,5026.75,3150,1876.75,Credit Card,Completed,3.3
ORD00211,2026-07-13,Hyderabad Banjara,Hyderabad,Telangana,South,Anjali Reddy,Home & Kitchen,Coffee Maker,3,5373.95,0,16121.85,10800,5321.85,Cash,Completed,3.3
ORD00212,2026-03-21,Kolkata Park Street,Kolkata,West Bengal,East,Priya Sen,Home & Kitchen,Dinner Set,4,2376.26,10,8554.54,6200,2354.54,Cash,Completed,4.8
ORD00213,2026-01-23,Bengaluru MG Road,Bengaluru,Karnataka,South,Vikram Rao,Beauty,Moisturizer,2,544.02,0,1088.04,680,408.04,Debit Card,Completed,3.7
ORD00214,2026-05-28,Lucknow Hazratganj,Lucknow,Uttar Pradesh,North,Sanjay Singh,Grocery,Biscuits Pack,4,95.11,15,323.37,288,35.37,Credit Card,Completed,3.9
ORD00215,2026-02-28,Bengaluru MG Road,Bengaluru,Karnataka,South,Vikram Rao,Beauty,Face Wash,4,364.93,5,1386.73,880,506.73,Cash,Completed,4.7
ORD00216,2026-01-28,Jaipur Central,Jaipur,Rajasthan,West,Rajesh Sharma,Beauty,Moisturizer,5,544.57,10,2450.57,1700,750.57,Debit Card,Completed,4.7
ORD00217,2026-07-26,Jaipur Central,Jaipur,Rajasthan,West,Rajesh Sharma,Clothing,Sneakers,4,4064.99,10,14633.96,10400,4233.96,Credit Card,Completed,3.5
ORD00218,2026-07-31,Lucknow Hazratganj,Lucknow,Uttar Pradesh,North,Sanjay Singh,Home & Kitchen,Mixer Grinder,6,3958.9,20,19002.72,16200,2802.72,Cash,Completed,4.0
ORD00219,2026-04-01,Delhi Connaught,Delhi,Delhi,North,Amit Verma,Home & Kitchen,Coffee Maker,6,5097.06,0,30582.36,21600,8982.36,UPI,Completed,4.0
ORD00220,2026-06-19,Bengaluru MG Road,Bengaluru,Karnataka,South,Vikram Rao,Beauty,Perfume,4,1740.77,5,6614.93,4200,2414.93,Cash,Completed,4.3
ORD00221,2026-04-15,Chennai T Nagar,Chennai,Tamil Nadu,South,Karthik Iyer,Clothing,Sneakers,6,4372.98,20,20990.3,15600,5390.3,Net Banking,Completed,3.0
ORD00222,2026-05-13,Hyderabad Banjara,Hyderabad,Telangana,South,Anjali Reddy,Home & Kitchen,Coffee Maker,6,4951.65,5,28224.4,21600,6624.4,Credit Card,Completed,4.6
ORD00223,2026-08-08,Jaipur Central,Jaipur,Rajasthan,West,Rajesh Sharma,Home & Kitchen,Water Bottle,1,730.96,15,0.0,400,0.0,Credit Card,Cancelled,
ORD00224,2026-06-08,Kolkata Park Street,Kolkata,West Bengal,East,Priya Sen,Grocery,Cooking Oil 1L,2,157.34,5,298.95,240,58.95,Credit Card,Completed,3.8
ORD00225,2026-03-12,Kolkata Park Street,Kolkata,West Bengal,East,Priya Sen,Clothing,Jacket,1,3311.23,20,2648.98,1900,748.98,Cash,Completed,4.9
ORD00226,2026-03-11,Bengaluru MG Road,Bengaluru,Karnataka,South,Vikram Rao,Clothing,Jeans,6,1747.39,15,8911.69,6300,2611.69,Cash,Completed,4.8
ORD00227,2026-06-02,Mumbai Andheri,Mumbai,Maharashtra,West,Neha Kapoor,Electronics,Headphones,3,1726.51,10,4661.58,3300,1361.58,Debit Card,Completed,3.4
ORD00228,2026-03-18,Hyderabad Banjara,Hyderabad,Telangana,South,Anjali Reddy,Beauty,Moisturizer,6,544.18,5,3101.83,2040,1061.83,UPI,Completed,4.7
ORD00229,2026-05-17,Jaipur Central,Jaipur,Rajasthan,West,Rajesh Sharma,Clothing,Jacket,2,3093.86,5,5878.33,3800,2078.33,Net Banking,Completed,4.4
ORD00230,2026-04-17,Mumbai Andheri,Mumbai,Maharashtra,West,Neha Kapoor,Clothing,Jeans,4,1860.35,5,7069.33,4200,2869.33,UPI,Completed,4.9
ORD00231,2026-02-14,Kolkata Park Street,Kolkata,West Bengal,East,Priya Sen,Home & Kitchen,Water Bottle,1,691.0,0,-691.0,400,-1091.0,Net Banking,Returned,4.3
ORD00232,2026-04-06,Mumbai Andheri,Mumbai,Maharashtra,West,Neha Kapoor,Beauty,Moisturizer,2,525.58,10,946.04,680,266.04,Debit Card,Completed,3.8
ORD00233,2026-05-07,Bengaluru MG Road,Bengaluru,Karnataka,South,Vikram Rao,Home & Kitchen,Water Bottle,1,699.13,15,594.26,400,194.26,Cash,Completed,3.7
ORD00234,2026-08-09,Jaipur Central,Jaipur,Rajasthan,West,Rajesh Sharma,Home & Kitchen,Coffee Maker,6,5074.53,0,0.0,21600,0.0,UPI,Cancelled,
ORD00235,2026-01-20,Kolkata Park Street,Kolkata,West Bengal,East,Priya Sen,Grocery,Biscuits Pack,5,104.51,10,470.3,360,110.3,Net Banking,Completed,4.7
ORD00236,2026-04-21,Chennai T Nagar,Chennai,Tamil Nadu,South,Karthik Iyer,Beauty,Shampoo,3,442.31,0,1326.93,870,456.93,Net Banking,Completed,4.3
ORD00237,2026-03-24,Delhi Connaught,Delhi,Delhi,North,Amit Verma,Grocery,Cooking Oil 1L,5,144.25,0,721.25,600,121.25,UPI,Completed,4.6
ORD00238,2026-07-24,Chennai T Nagar,Chennai,Tamil Nadu,South,Karthik Iyer,Home & Kitchen,Coffee Maker,1,5074.08,0,5074.08,3600,1474.08,Cash,Completed,4.7
ORD00239,2026-05-11,Delhi Connaught,Delhi,Delhi,North,Amit Verma,Beauty,Moisturizer,3,568.09,15,1448.63,1020,428.63,UPI,Completed,5.0
ORD00240,2026-01-16,Delhi Connaught,Delhi,Delhi,North,Amit Verma,Beauty,Perfume,6,1882.66,10,10166.36,6300,3866.36,Debit Card,Completed,4.9
ORD00241,2026-03-21,Lucknow Hazratganj,Lucknow,Uttar Pradesh,North,Sanjay Singh,Electronics,Headphones,3,1728.35,10,-4666.54,3300,-7966.54,Credit Card,Returned,3.7
ORD00242,2026-06-08,Mumbai Andheri,Mumbai,Maharashtra,West,Neha Kapoor,Electronics,Headphones,1,1830.34,10,1647.31,1100,547.31,UPI,Completed,4.7
ORD00243,2026-08-07,Mumbai Andheri,Mumbai,Maharashtra,West,Neha Kapoor,Electronics,Headphones,5,1825.42,0,9127.1,5500,3627.1,Credit Card,Completed,4.2
ORD00244,2026-08-14,Delhi Connaught,Delhi,Delhi,North,Amit Verma,Grocery,Cooking Oil 1L,2,145.82,5,277.06,240,37.06,Net Banking,Completed,3.8
ORD00245,2026-07-13,Hyderabad Banjara,Hyderabad,Telangana,South,Anjali Reddy,Beauty,Perfume,3,1863.75,0,5591.25,3150,2441.25,Debit Card,Completed,3.7
ORD00246,2026-02-06,Kolkata Park Street,Kolkata,West Bengal,East,Priya Sen,Home & Kitchen,Dinner Set,3,2343.73,0,7031.19,4650,2381.19,Net Banking,Completed,3.5
ORD00247,2026-05-09,Jaipur Central,Jaipur,Rajasthan,West,Rajesh Sharma,Home & Kitchen,Mixer Grinder,3,3748.85,10,-10121.9,8100,-18221.9,Credit Card,Returned,4.5
ORD00248,2026-07-13,Chennai T Nagar,Chennai,Tamil Nadu,South,Karthik Iyer,Clothing,Jeans,5,1759.01,15,7475.79,5250,2225.79,Cash,Completed,4.0
ORD00249,2026-06-30,Bengaluru MG Road,Bengaluru,Karnataka,South,Vikram Rao,Grocery,Rice 5kg,1,659.42,15,560.51,510,50.51,Debit Card,Completed,3.7
ORD00250,2026-01-06,Lucknow Hazratganj,Lucknow,Uttar Pradesh,North,Sanjay Singh,Beauty,Perfume,6,1761.59,15,8984.11,6300,2684.11,Net Banking,Completed,4.3
ORD00251,2026-06-18,Delhi Connaught,Delhi,Delhi,North,Amit Verma,Grocery,Cooking Oil 1L,6,145.64,0,873.84,720,153.84,UPI,Completed,4.9
ORD00252,2026-08-25,Kolkata Park Street,Kolkata,West Bengal,East,Priya Sen,Clothing,Sneakers,6,4001.88,10,21610.15,15600,6010.15,Credit Card,Completed,3.9
ORD00253,2026-06-22,Lucknow Hazratganj,Lucknow,Uttar Pradesh,North,Sanjay Singh,Beauty,Perfume,1,1806.77,10,1626.09,1050,576.09,Debit Card,Completed,4.7
ORD00254,2026-01-20,Lucknow Hazratganj,Lucknow,Uttar Pradesh,North,Sanjay Singh,Electronics,Headphones,2,1827.23,10,3289.01,2200,1089.01,Cash,Completed,4.8
ORD00255,2026-06-07,Chennai T Nagar,Chennai,Tamil Nadu,South,Karthik Iyer,Home & Kitchen,Coffee Maker,2,4994.45,10,8990.01,7200,1790.01,Debit Card,Completed,4.2
ORD00256,2026-03-12,Lucknow Hazratganj,Lucknow,Uttar Pradesh,North,Sanjay Singh,Electronics,Smartwatch,5,4302.23,20,-17208.92,14500,-31708.92,Cash,Returned,3.7
ORD00257,2026-05-17,Delhi Connaught,Delhi,Delhi,North,Amit Verma,Home & Kitchen,Water Bottle,2,732.29,10,1318.12,800,518.12,UPI,Completed,3.8
ORD00258,2026-02-13,Mumbai Andheri,Mumbai,Maharashtra,West,Neha Kapoor,Electronics,Smartphone,2,22000.1,10,39600.18,32000,7600.18,Debit Card,Completed,3.3
ORD00259,2026-07-30,Jaipur Central,Jaipur,Rajasthan,West,Rajesh Sharma,Clothing,Jeans,6,1776.1,20,8525.28,6300,2225.28,Cash,Completed,4.6
ORD00260,2026-05-17,Delhi Connaught,Delhi,Delhi,North,Amit Verma,Home & Kitchen,Water Bottle,4,701.18,20,2243.78,1600,643.78,Net Banking,Completed,4.1
ORD00261,2026-04-14,Delhi Connaught,Delhi,Delhi,North,Amit Verma,Home & Kitchen,Water Bottle,5,697.09,10,3136.91,2000,1136.91,Cash,Completed,3.7
ORD00262,2026-01-03,Chennai T Nagar,Chennai,Tamil Nadu,South,Karthik Iyer,Grocery,Biscuits Pack,3,101.41,5,-289.02,216,-505.02,Cash,Returned,4.5
ORD00263,2026-05-06,Jaipur Central,Jaipur,Rajasthan,West,Rajesh Sharma,Beauty,Shampoo,5,460.06,10,2070.27,1450,620.27,Credit Card,Completed,3.8
ORD00264,2026-03-08,Kolkata Park Street,Kolkata,West Bengal,East,Priya Sen,Beauty,Face Wash,4,334.86,20,1071.55,880,191.55,Credit Card,Completed,4.8
ORD00265,2026-04-15,Kolkata Park Street,Kolkata,West Bengal,East,Priya Sen,Electronics,Laptop,2,53013.95,0,106027.9,84000,22027.9,Credit Card,Completed,3.9
ORD00266,2026-06-07,Jaipur Central,Jaipur,Rajasthan,West,Rajesh Sharma,Clothing,Jacket,3,3186.02,0,9558.06,5700,3858.06,Cash,Completed,3.1
ORD00267,2026-04-30,Chennai T Nagar,Chennai,Tamil Nadu,South,Karthik Iyer,Grocery,Cooking Oil 1L,3,149.63,0,448.89,360,88.89,Cash,Completed,5.0
ORD00268,2026-05-30,Mumbai Andheri,Mumbai,Maharashtra,West,Neha Kapoor,Beauty,Moisturizer,2,563.18,5,1070.04,680,390.04,Cash,Completed,3.2
ORD00269,2026-08-12,Kolkata Park Street,Kolkata,West Bengal,East,Priya Sen,Grocery,Tea 500g,1,293.59,10,264.23,210,54.23,UPI,Completed,4.7
ORD00270,2026-03-25,Bengaluru MG Road,Bengaluru,Karnataka,South,Vikram Rao,Home & Kitchen,Water Bottle,6,701.01,5,3995.76,2400,1595.76,Debit Card,Completed,4.0
ORD00271,2026-05-04,Delhi Connaught,Delhi,Delhi,North,Amit Verma,Grocery,Cooking Oil 1L,4,145.43,5,552.63,480,72.63,Debit Card,Completed,4.9
ORD00272,2026-04-05,Mumbai Andheri,Mumbai,Maharashtra,West,Neha Kapoor,Beauty,Shampoo,4,449.04,5,1706.35,1160,546.35,Debit Card,Completed,3.9
ORD00273,2026-08-12,Jaipur Central,Jaipur,Rajasthan,West,Rajesh Sharma,Grocery,Cooking Oil 1L,2,154.86,15,263.26,240,23.26,Debit Card,Completed,4.0
ORD00274,2026-08-27,Bengaluru MG Road,Bengaluru,Karnataka,South,Vikram Rao,Electronics,Smartwatch,3,4648.34,5,13247.77,8700,4547.77,Net Banking,Completed,3.2
ORD00275,2026-08-19,Bengaluru MG Road,Bengaluru,Karnataka,South,Vikram Rao,Beauty,Face Wash,1,354.81,10,319.33,220,99.33,Debit Card,Completed,3.6
ORD00276,2026-01-19,Chennai T Nagar,Chennai,Tamil Nadu,South,Karthik Iyer,Beauty,Shampoo,4,445.26,20,1424.83,1160,264.83,Credit Card,Completed,3.3
ORD00277,2026-01-07,Kolkata Park Street,Kolkata,West Bengal,East,Priya Sen,Clothing,T-Shirt,4,888.2,0,3552.8,2000,1552.8,Cash,Completed,4.4
ORD00278,2026-02-16,Lucknow Hazratganj,Lucknow,Uttar Pradesh,North,Sanjay Singh,Beauty,Moisturizer,3,552.26,10,-1491.1,1020,-2511.1,UPI,Returned,4.5
ORD00279,2026-02-15,Hyderabad Banjara,Hyderabad,Telangana,South,Anjali Reddy,Electronics,Headphones,1,1889.28,10,1700.35,1100,600.35,Cash,Completed,4.7
ORD00280,2026-04-01,Kolkata Park Street,Kolkata,West Bengal,East,Priya Sen,Home & Kitchen,Coffee Maker,1,5108.21,0,0.0,3600,0.0,Net Banking,Cancelled,
ORD00281,2026-02-26,Jaipur Central,Jaipur,Rajasthan,West,Rajesh Sharma,Electronics,Smartphone,6,20979.5,0,125877.0,96000,29877.0,Debit Card,Completed,3.8
ORD00282,2026-03-26,Hyderabad Banjara,Hyderabad,Telangana,South,Anjali Reddy,Clothing,Jeans,6,1740.52,10,9398.81,6300,3098.81,Credit Card,Completed,4.0
ORD00283,2026-01-13,Mumbai Andheri,Mumbai,Maharashtra,West,Neha Kapoor,Clothing,T-Shirt,4,919.6,10,3310.56,2000,1310.56,Net Banking,Completed,3.1
ORD00284,2026-05-14,Mumbai Andheri,Mumbai,Maharashtra,West,Neha Kapoor,Clothing,Sneakers,2,4201.09,10,7561.96,5200,2361.96,Debit Card,Completed,4.6
ORD00285,2026-08-05,Jaipur Central,Jaipur,Rajasthan,West,Rajesh Sharma,Home & Kitchen,Coffee Maker,1,5413.14,5,5142.48,3600,1542.48,Debit Card,Completed,3.9
ORD00286,2026-03-01,Chennai T Nagar,Chennai,Tamil Nadu,South,Karthik Iyer,Grocery,Cooking Oil 1L,5,155.03,10,697.63,600,97.63,Debit Card,Completed,3.5
ORD00287,2026-01-21,Chennai T Nagar,Chennai,Tamil Nadu,South,Karthik Iyer,Grocery,Biscuits Pack,5,101.35,5,481.41,360,121.41,Net Banking,Completed,4.9
ORD00288,2026-01-23,Hyderabad Banjara,Hyderabad,Telangana,South,Anjali Reddy,Electronics,Laptop,6,53315.63,15,271909.71,252000,19909.71,Net Banking,Completed,3.4
ORD00289,2026-04-24,Bengaluru MG Road,Bengaluru,Karnataka,South,Vikram Rao,Electronics,Smartphone,6,21441.87,10,115786.1,96000,19786.1,Net Banking,Completed,4.8
ORD00290,2026-01-02,Chennai T Nagar,Chennai,Tamil Nadu,South,Karthik Iyer,Home & Kitchen,Water Bottle,5,718.33,0,3591.65,2000,1591.65,Net Banking,Completed,4.5
ORD00291,2026-02-25,Hyderabad Banjara,Hyderabad,Telangana,South,Anjali Reddy,Home & Kitchen,Mixer Grinder,1,3665.24,5,3481.98,2700,781.98,Credit Card,Completed,4.1
ORD00292,2026-07-24,Chennai T Nagar,Chennai,Tamil Nadu,South,Karthik Iyer,Home & Kitchen,Water Bottle,3,713.38,20,1712.11,1200,512.11,Credit Card,Completed,4.5
ORD00293,2026-01-07,Jaipur Central,Jaipur,Rajasthan,West,Rajesh Sharma,Beauty,Perfume,1,1806.8,5,1716.46,1050,666.46,Cash,Completed,3.5
ORD00294,2026-03-12,Kolkata Park Street,Kolkata,West Bengal,East,Priya Sen,Grocery,Tea 500g,2,279.82,5,531.66,420,111.66,UPI,Completed,4.1
ORD00295,2026-03-10,Bengaluru MG Road,Bengaluru,Karnataka,South,Vikram Rao,Electronics,Smartwatch,1,4405.48,0,4405.48,2900,1505.48,Debit Card,Completed,3.8
ORD00296,2026-06-25,Mumbai Andheri,Mumbai,Maharashtra,West,Neha Kapoor,Clothing,Jeans,3,1881.11,0,0.0,3150,0.0,Credit Card,Cancelled,
ORD00297,2026-08-18,Delhi Connaught,Delhi,Delhi,North,Amit Verma,Home & Kitchen,Mixer Grinder,6,3738.62,15,19066.96,16200,2866.96,Credit Card,Completed,4.6
ORD00298,2026-04-15,Jaipur Central,Jaipur,Rajasthan,West,Rajesh Sharma,Grocery,Biscuits Pack,5,101.77,0,508.85,360,148.85,Debit Card,Completed,4.0
ORD00299,2026-05-19,Bengaluru MG Road,Bengaluru,Karnataka,South,Vikram Rao,Beauty,Face Wash,2,361.16,0,0.0,440,0.0,Cash,Cancelled,
ORD00300,2026-05-02,Jaipur Central,Jaipur,Rajasthan,West,Rajesh Sharma,Beauty,Moisturizer,1,534.81,0,534.81,340,194.81,Cash,Completed,4.0
ORD00301,2026-01-13,Delhi Connaught,Delhi,Delhi,North,Amit Verma,Home & Kitchen,Mixer Grinder,5,3753.76,20,0.0,13500,0.0,Debit Card,Cancelled,
ORD00302,2026-08-20,Kolkata Park Street,Kolkata,West Bengal,East,Priya Sen,Home & Kitchen,Dinner Set,5,2388.74,5,11346.51,7750,3596.51,UPI,Completed,4.0
ORD00303,2026-04-30,Hyderabad Banjara,Hyderabad,Telangana,South,Anjali Reddy,Home & Kitchen,Coffee Maker,6,4972.48,10,-26851.39,21600,-48451.39,Debit Card,Returned,3.4
ORD00304,2026-06-30,Lucknow Hazratganj,Lucknow,Uttar Pradesh,North,Sanjay Singh,Home & Kitchen,Mixer Grinder,1,3678.63,5,-3494.7,2700,-6194.7,Cash,Returned,3.7
ORD00305,2026-03-13,Delhi Connaught,Delhi,Delhi,North,Amit Verma,Grocery,Tea 500g,3,279.79,5,797.4,630,167.4,Debit Card,Completed,3.4
ORD00306,2026-07-15,Bengaluru MG Road,Bengaluru,Karnataka,South,Vikram Rao,Home & Kitchen,Coffee Maker,6,5142.37,5,29311.51,21600,7711.51,Debit Card,Completed,4.6
ORD00307,2026-03-07,Lucknow Hazratganj,Lucknow,Uttar Pradesh,North,Sanjay Singh,Electronics,Smartwatch,5,4692.83,0,23464.15,14500,8964.15,Credit Card,Completed,4.6
ORD00308,2026-02-24,Delhi Connaught,Delhi,Delhi,North,Amit Verma,Home & Kitchen,Water Bottle,5,677.87,0,3389.35,2000,1389.35,Debit Card,Completed,3.0
ORD00309,2026-05-28,Delhi Connaught,Delhi,Delhi,North,Amit Verma,Grocery,Biscuits Pack,2,96.8,15,164.56,144,20.56,Cash,Completed,4.0
ORD00310,2026-05-09,Kolkata Park Street,Kolkata,West Bengal,East,Priya Sen,Grocery,Rice 5kg,6,679.31,5,0.0,3060,0.0,UPI,Cancelled,
ORD00311,2026-04-27,Bengaluru MG Road,Bengaluru,Karnataka,South,Vikram Rao,Home & Kitchen,Coffee Maker,4,5122.63,5,-19465.99,14400,-33865.99,Credit Card,Returned,4.9
ORD00312,2026-04-06,Chennai T Nagar,Chennai,Tamil Nadu,South,Karthik Iyer,Grocery,Tea 500g,6,293.36,15,1496.14,1260,236.14,Cash,Completed,3.9
ORD00313,2026-02-02,Lucknow Hazratganj,Lucknow,Uttar Pradesh,North,Sanjay Singh,Electronics,Laptop,1,57447.85,5,54575.46,42000,12575.46,Cash,Completed,4.6
ORD00314,2026-04-10,Mumbai Andheri,Mumbai,Maharashtra,West,Neha Kapoor,Home & Kitchen,Dinner Set,5,2390.93,15,10161.45,7750,2411.45,Cash,Completed,3.9
ORD00315,2026-06-06,Hyderabad Banjara,Hyderabad,Telangana,South,Anjali Reddy,Electronics,Headphones,4,1816.83,20,5813.86,4400,1413.86,Debit Card,Completed,3.1
ORD00316,2026-05-20,Delhi Connaught,Delhi,Delhi,North,Amit Verma,Beauty,Perfume,5,1831.22,0,9156.1,5250,3906.1,Cash,Completed,4.2
ORD00317,2026-05-25,Hyderabad Banjara,Hyderabad,Telangana,South,Anjali Reddy,Grocery,Cooking Oil 1L,5,148.13,5,703.62,600,103.62,Net Banking,Completed,3.7
ORD00318,2026-01-03,Jaipur Central,Jaipur,Rajasthan,West,Rajesh Sharma,Grocery,Rice 5kg,4,624.91,10,2249.68,2040,209.68,Net Banking,Completed,4.5
ORD00319,2026-01-08,Hyderabad Banjara,Hyderabad,Telangana,South,Anjali Reddy,Beauty,Shampoo,2,446.01,10,0.0,580,0.0,UPI,Cancelled,
ORD00320,2026-03-19,Bengaluru MG Road,Bengaluru,Karnataka,South,Vikram Rao,Beauty,Moisturizer,4,576.89,10,2076.8,1360,716.8,Debit Card,Completed,4.9
ORD00321,2026-02-12,Delhi Connaught,Delhi,Delhi,North,Amit Verma,Beauty,Perfume,4,1718.42,15,-5842.63,4200,-10042.63,Cash,Returned,4.1
ORD00322,2026-03-22,Bengaluru MG Road,Bengaluru,Karnataka,South,Vikram Rao,Grocery,Biscuits Pack,1,101.92,0,101.92,72,29.92,Cash,Completed,3.1
ORD00323,2026-04-15,Delhi Connaught,Delhi,Delhi,North,Amit Verma,Clothing,Sneakers,4,4131.59,10,0.0,10400,0.0,Net Banking,Cancelled,
ORD00324,2026-06-21,Hyderabad Banjara,Hyderabad,Telangana,South,Anjali Reddy,Beauty,Perfume,1,1781.47,5,0.0,1050,0.0,Credit Card,Cancelled,
ORD00325,2026-03-15,Mumbai Andheri,Mumbai,Maharashtra,West,Neha Kapoor,Electronics,Smartwatch,6,4476.03,0,26856.18,17400,9456.18,Cash,Completed,4.8
ORD00326,2026-03-18,Chennai T Nagar,Chennai,Tamil Nadu,South,Karthik Iyer,Grocery,Rice 5kg,5,661.29,5,3141.13,2550,591.13,Debit Card,Completed,4.5
ORD00327,2026-06-27,Chennai T Nagar,Chennai,Tamil Nadu,South,Karthik Iyer,Clothing,T-Shirt,2,869.81,10,-1565.66,1000,-2565.66,Credit Card,Returned,4.3
ORD00328,2026-07-12,Chennai T Nagar,Chennai,Tamil Nadu,South,Karthik Iyer,Electronics,Headphones,5,1788.91,0,8944.55,5500,3444.55,Net Banking,Completed,3.6
ORD00329,2026-01-23,Hyderabad Banjara,Hyderabad,Telangana,South,Anjali Reddy,Clothing,T-Shirt,1,891.49,5,846.92,500,346.92,Cash,Completed,4.6
ORD00330,2026-05-12,Delhi Connaught,Delhi,Delhi,North,Amit Verma,Home & Kitchen,Coffee Maker,2,4980.35,0,9960.7,7200,2760.7,Credit Card,Completed,3.2
ORD00331,2026-08-23,Chennai T Nagar,Chennai,Tamil Nadu,South,Karthik Iyer,Clothing,Jeans,3,1796.13,20,4310.71,3150,1160.71,Debit Card,Completed,3.1
ORD00332,2026-01-12,Mumbai Andheri,Mumbai,Maharashtra,West,Neha Kapoor,Beauty,Moisturizer,4,567.87,20,-1817.18,1360,-3177.18,Debit Card,Returned,3.7
ORD00333,2026-05-10,Hyderabad Banjara,Hyderabad,Telangana,South,Anjali Reddy,Beauty,Shampoo,1,429.13,0,429.13,290,139.13,Credit Card,Completed,3.2
ORD00334,2026-02-21,Mumbai Andheri,Mumbai,Maharashtra,West,Neha Kapoor,Electronics,Laptop,5,57428.78,5,272786.71,210000,62786.71,Debit Card,Completed,3.7
ORD00335,2026-08-26,Hyderabad Banjara,Hyderabad,Telangana,South,Anjali Reddy,Home & Kitchen,Water Bottle,1,673.85,5,640.16,400,240.16,Net Banking,Completed,3.9
ORD00336,2026-07-01,Hyderabad Banjara,Hyderabad,Telangana,South,Anjali Reddy,Clothing,Jeans,1,1834.03,10,1650.63,1050,600.63,UPI,Completed,3.5
ORD00337,2026-04-13,Delhi Connaught,Delhi,Delhi,North,Amit Verma,Beauty,Face Wash,5,335.85,10,-1511.33,1100,-2611.33,Cash,Returned,3.4
ORD00338,2026-07-26,Jaipur Central,Jaipur,Rajasthan,West,Rajesh Sharma,Electronics,Laptop,1,57208.49,0,57208.49,42000,15208.49,Cash,Completed,4.3
ORD00339,2026-04-09,Lucknow Hazratganj,Lucknow,Uttar Pradesh,North,Sanjay Singh,Electronics,Smartwatch,2,4651.73,10,0.0,5800,0.0,Net Banking,Cancelled,
ORD00340,2026-06-12,Bengaluru MG Road,Bengaluru,Karnataka,South,Vikram Rao,Clothing,T-Shirt,5,866.86,0,4334.3,2500,1834.3,UPI,Completed,4.5
ORD00341,2026-01-23,Kolkata Park Street,Kolkata,West Bengal,East,Priya Sen,Home & Kitchen,Coffee Maker,3,5171.89,0,15515.67,10800,4715.67,Debit Card,Completed,4.8
ORD00342,2026-06-29,Mumbai Andheri,Mumbai,Maharashtra,West,Neha Kapoor,Grocery,Rice 5kg,5,623.31,0,3116.55,2550,566.55,Cash,Completed,4.4
ORD00343,2026-06-18,Mumbai Andheri,Mumbai,Maharashtra,West,Neha Kapoor,Electronics,Laptop,2,53175.81,10,95716.46,84000,11716.46,Net Banking,Completed,4.9
ORD00344,2026-03-04,Mumbai Andheri,Mumbai,Maharashtra,West,Neha Kapoor,Home & Kitchen,Water Bottle,1,691.25,5,656.69,400,256.69,Net Banking,Completed,4.2
ORD00345,2026-03-26,Delhi Connaught,Delhi,Delhi,North,Amit Verma,Electronics,Laptop,1,53182.84,10,47864.56,42000,5864.56,Debit Card,Completed,3.4
ORD00346,2026-03-19,Mumbai Andheri,Mumbai,Maharashtra,West,Neha Kapoor,Electronics,Smartwatch,3,4386.11,5,12500.41,8700,3800.41,Cash,Completed,3.9
ORD00347,2026-02-09,Delhi Connaught,Delhi,Delhi,North,Amit Verma,Electronics,Smartphone,5,22992.4,5,-109213.9,80000,-189213.9,Cash,Returned,4.6
ORD00348,2026-07-09,Lucknow Hazratganj,Lucknow,Uttar Pradesh,North,Sanjay Singh,Electronics,Smartwatch,5,4656.58,10,20954.61,14500,6454.61,Debit Card,Completed,4.2
ORD00349,2026-04-03,Mumbai Andheri,Mumbai,Maharashtra,West,Neha Kapoor,Electronics,Smartwatch,6,4320.82,0,25924.92,17400,8524.92,Cash,Completed,3.8
ORD00350,2026-06-27,Mumbai Andheri,Mumbai,Maharashtra,West,Neha Kapoor,Beauty,Shampoo,6,442.22,0,2653.32,1740,913.32,Cash,Completed,3.6
ORD00351,2026-04-29,Mumbai Andheri,Mumbai,Maharashtra,West,Neha Kapoor,Electronics,Smartwatch,4,4661.44,0,18645.76,11600,7045.76,UPI,Completed,3.4
ORD00352,2026-07-20,Delhi Connaught,Delhi,Delhi,North,Amit Verma,Home & Kitchen,Mixer Grinder,5,3710.9,10,16699.05,13500,3199.05,Debit Card,Completed,4.3
ORD00353,2026-06-12,Delhi Connaught,Delhi,Delhi,North,Amit Verma,Beauty,Moisturizer,3,549.37,5,1565.7,1020,545.7,Net Banking,Completed,3.1
ORD00354,2026-02-26,Kolkata Park Street,Kolkata,West Bengal,East,Priya Sen,Clothing,Sneakers,6,4406.85,10,-23796.99,15600,-39396.99,UPI,Returned,3.1
ORD00355,2026-06-01,Jaipur Central,Jaipur,Rajasthan,West,Rajesh Sharma,Home & Kitchen,Water Bottle,1,669.72,10,602.75,400,202.75,Net Banking,Completed,3.5
ORD00356,2026-06-17,Mumbai Andheri,Mumbai,Maharashtra,West,Neha Kapoor,Electronics,Laptop,3,56916.23,10,153673.82,126000,27673.82,Net Banking,Completed,4.2
ORD00357,2026-01-06,Chennai T Nagar,Chennai,Tamil Nadu,South,Karthik Iyer,Clothing,Sneakers,3,4361.74,0,13085.22,7800,5285.22,Net Banking,Completed,3.2
ORD00358,2026-07-20,Lucknow Hazratganj,Lucknow,Uttar Pradesh,North,Sanjay Singh,Grocery,Tea 500g,2,267.64,5,508.52,420,88.52,Debit Card,Completed,3.8
ORD00359,2026-02-09,Jaipur Central,Jaipur,Rajasthan,West,Rajesh Sharma,Clothing,Jacket,3,3050.45,20,7321.08,5700,1621.08,Credit Card,Completed,3.2
ORD00360,2026-03-18,Hyderabad Banjara,Hyderabad,Telangana,South,Anjali Reddy,Home & Kitchen,Dinner Set,1,2360.48,5,2242.46,1550,692.46,UPI,Completed,3.8
ORD00361,2026-01-16,Delhi Connaught,Delhi,Delhi,North,Amit Verma,Electronics,Smartwatch,1,4523.96,20,3619.17,2900,719.17,Cash,Completed,3.5
ORD00362,2026-01-04,Jaipur Central,Jaipur,Rajasthan,West,Rajesh Sharma,Electronics,Smartwatch,3,4585.26,20,11004.62,8700,2304.62,UPI,Completed,5.0
ORD00363,2026-01-04,Delhi Connaught,Delhi,Delhi,North,Amit Verma,Home & Kitchen,Dinner Set,2,2495.59,0,4991.18,3100,1891.18,Debit Card,Completed,3.3
ORD00364,2026-07-08,Chennai T Nagar,Chennai,Tamil Nadu,South,Karthik Iyer,Beauty,Perfume,5,1761.02,0,8805.1,5250,3555.1,Credit Card,Completed,3.3
ORD00365,2026-06-17,Delhi Connaught,Delhi,Delhi,North,Amit Verma,Clothing,Jacket,1,3102.72,0,3102.72,1900,1202.72,Credit Card,Completed,4.3
ORD00366,2026-04-20,Kolkata Park Street,Kolkata,West Bengal,East,Priya Sen,Grocery,Rice 5kg,1,658.53,0,658.53,510,148.53,Credit Card,Completed,4.2
ORD00367,2026-04-11,Jaipur Central,Jaipur,Rajasthan,West,Rajesh Sharma,Home & Kitchen,Mixer Grinder,4,3902.2,0,15608.8,10800,4808.8,Net Banking,Completed,4.7
ORD00368,2026-07-05,Lucknow Hazratganj,Lucknow,Uttar Pradesh,North,Sanjay Singh,Grocery,Biscuits Pack,6,103.16,20,495.17,432,63.17,UPI,Completed,3.7
ORD00369,2026-04-28,Kolkata Park Street,Kolkata,West Bengal,East,Priya Sen,Home & Kitchen,Coffee Maker,3,5066.46,5,14439.41,10800,3639.41,Cash,Completed,3.1
ORD00370,2026-02-02,Chennai T Nagar,Chennai,Tamil Nadu,South,Karthik Iyer,Home & Kitchen,Water Bottle,3,720.72,0,2162.16,1200,962.16,Net Banking,Completed,3.1
ORD00371,2026-03-05,Jaipur Central,Jaipur,Rajasthan,West,Rajesh Sharma,Clothing,Jacket,3,3158.05,5,9000.44,5700,3300.44,Cash,Completed,4.2
ORD00372,2026-03-29,Jaipur Central,Jaipur,Rajasthan,West,Rajesh Sharma,Home & Kitchen,Water Bottle,4,696.16,10,2506.18,1600,906.18,UPI,Completed,3.0
ORD00373,2026-03-18,Bengaluru MG Road,Bengaluru,Karnataka,South,Vikram Rao,Beauty,Face Wash,1,344.39,15,292.73,220,72.73,UPI,Completed,4.4
ORD00374,2026-01-10,Bengaluru MG Road,Bengaluru,Karnataka,South,Vikram Rao,Grocery,Rice 5kg,6,619.81,10,3346.97,3060,286.97,Net Banking,Completed,3.3
ORD00375,2026-06-15,Jaipur Central,Jaipur,Rajasthan,West,Rajesh Sharma,Beauty,Face Wash,6,344.4,15,1756.44,1320,436.44,UPI,Completed,4.2
ORD00376,2026-03-02,Lucknow Hazratganj,Lucknow,Uttar Pradesh,North,Sanjay Singh,Clothing,Sneakers,3,4339.52,10,11716.7,7800,3916.7,Cash,Completed,3.3
ORD00377,2026-05-09,Chennai T Nagar,Chennai,Tamil Nadu,South,Karthik Iyer,Home & Kitchen,Dinner Set,2,2306.27,0,4612.54,3100,1512.54,UPI,Completed,3.9
ORD00378,2026-04-15,Hyderabad Banjara,Hyderabad,Telangana,South,Anjali Reddy,Home & Kitchen,Mixer Grinder,3,3612.5,5,10295.62,8100,2195.62,Cash,Completed,4.8
ORD00379,2026-01-14,Bengaluru MG Road,Bengaluru,Karnataka,South,Vikram Rao,Clothing,Sneakers,6,4256.03,15,21705.75,15600,6105.75,Debit Card,Completed,4.0
ORD00380,2026-05-22,Mumbai Andheri,Mumbai,Maharashtra,West,Neha Kapoor,Clothing,Jacket,4,3343.19,10,12035.48,7600,4435.48,Credit Card,Completed,4.5
ORD00381,2026-03-15,Mumbai Andheri,Mumbai,Maharashtra,West,Neha Kapoor,Home & Kitchen,Water Bottle,3,720.46,10,1945.24,1200,745.24,Credit Card,Completed,4.5
ORD00382,2026-07-17,Kolkata Park Street,Kolkata,West Bengal,East,Priya Sen,Beauty,Perfume,4,1866.08,0,-7464.32,4200,-11664.32,Cash,Returned,3.3
ORD00383,2026-08-14,Mumbai Andheri,Mumbai,Maharashtra,West,Neha Kapoor,Beauty,Moisturizer,4,569.66,0,2278.64,1360,918.64,Debit Card,Completed,4.0
ORD00384,2026-06-12,Hyderabad Banjara,Hyderabad,Telangana,South,Anjali Reddy,Electronics,Headphones,1,1869.11,5,1775.65,1100,675.65,Net Banking,Completed,3.2
ORD00385,2026-03-10,Hyderabad Banjara,Hyderabad,Telangana,South,Anjali Reddy,Beauty,Face Wash,3,344.31,5,981.28,660,321.28,Credit Card,Completed,4.9
ORD00386,2026-07-17,Chennai T Nagar,Chennai,Tamil Nadu,South,Karthik Iyer,Clothing,Jacket,5,3146.47,5,-14945.73,9500,-24445.73,Cash,Returned,3.4
ORD00387,2026-06-09,Bengaluru MG Road,Bengaluru,Karnataka,South,Vikram Rao,Electronics,Smartwatch,1,4551.65,0,4551.65,2900,1651.65,UPI,Completed,3.9
ORD00388,2026-07-03,Mumbai Andheri,Mumbai,Maharashtra,West,Neha Kapoor,Home & Kitchen,Dinner Set,4,2485.66,5,9445.51,6200,3245.51,Credit Card,Completed,3.8
ORD00389,2026-01-24,Kolkata Park Street,Kolkata,West Bengal,East,Priya Sen,Grocery,Rice 5kg,6,644.81,5,3675.42,3060,615.42,Net Banking,Completed,4.8
ORD00390,2026-07-07,Chennai T Nagar,Chennai,Tamil Nadu,South,Karthik Iyer,Beauty,Perfume,4,1771.0,10,6375.6,4200,2175.6,UPI,Completed,3.8
ORD00391,2026-04-03,Chennai T Nagar,Chennai,Tamil Nadu,South,Karthik Iyer,Grocery,Rice 5kg,5,655.92,15,2787.66,2550,237.66,Credit Card,Completed,3.3
ORD00392,2026-06-12,Lucknow Hazratganj,Lucknow,Uttar Pradesh,North,Sanjay Singh,Electronics,Smartwatch,4,4577.98,5,17396.32,11600,5796.32,Cash,Completed,4.1
ORD00393,2026-08-23,Kolkata Park Street,Kolkata,West Bengal,East,Priya Sen,Beauty,Perfume,6,1766.68,0,-10600.08,6300,-16900.08,UPI,Returned,4.8
ORD00394,2026-02-22,Chennai T Nagar,Chennai,Tamil Nadu,South,Karthik Iyer,Clothing,Sneakers,6,4404.82,5,25107.47,15600,9507.47,Credit Card,Completed,4.1
ORD00395,2026-04-13,Hyderabad Banjara,Hyderabad,Telangana,South,Anjali Reddy,Beauty,Shampoo,1,429.78,10,386.8,290,96.8,Debit Card,Completed,3.5
ORD00396,2026-05-25,Lucknow Hazratganj,Lucknow,Uttar Pradesh,North,Sanjay Singh,Grocery,Cooking Oil 1L,5,147.89,15,628.53,600,28.53,Net Banking,Completed,4.1
ORD00397,2026-05-22,Delhi Connaught,Delhi,Delhi,North,Amit Verma,Clothing,T-Shirt,1,939.16,10,845.24,500,345.24,UPI,Completed,4.0
ORD00398,2026-01-07,Jaipur Central,Jaipur,Rajasthan,West,Rajesh Sharma,Grocery,Tea 500g,6,270.15,10,1458.81,1260,198.81,Debit Card,Completed,3.1
ORD00399,2026-07-16,Delhi Connaught,Delhi,Delhi,North,Amit Verma,Grocery,Rice 5kg,6,676.08,5,3853.66,3060,793.66,Debit Card,Completed,4.1
ORD00400,2026-01-23,Jaipur Central,Jaipur,Rajasthan,West,Rajesh Sharma,Beauty,Shampoo,1,441.44,10,397.3,290,107.3,Debit Card,Completed,3.6
ORD00401,2026-08-27,Lucknow Hazratganj,Lucknow,Uttar Pradesh,North,Sanjay Singh,Electronics,Smartphone,4,22979.32,0,0.0,64000,0.0,Cash,Cancelled,
ORD00402,2026-03-11,Lucknow Hazratganj,Lucknow,Uttar Pradesh,North,Sanjay Singh,Home & Kitchen,Dinner Set,5,2464.97,0,12324.85,7750,4574.85,Credit Card,Completed,3.6
ORD00403,2026-07-08,Delhi Connaught,Delhi,Delhi,North,Amit Verma,Grocery,Rice 5kg,3,632.28,0,1896.84,1530,366.84,UPI,Completed,3.6
ORD00404,2026-06-10,Mumbai Andheri,Mumbai,Maharashtra,West,Neha Kapoor,Electronics,Headphones,1,1794.54,10,1615.09,1100,515.09,Debit Card,Completed,3.6
ORD00405,2026-05-17,Mumbai Andheri,Mumbai,Maharashtra,West,Neha Kapoor,Electronics,Smartphone,3,21266.33,0,63798.99,48000,15798.99,Net Banking,Completed,4.1
ORD00406,2026-06-11,Jaipur Central,Jaipur,Rajasthan,West,Rajesh Sharma,Electronics,Headphones,6,1731.9,10,9352.26,6600,2752.26,Cash,Completed,4.7
ORD00407,2026-08-08,Hyderabad Banjara,Hyderabad,Telangana,South,Anjali Reddy,Beauty,Perfume,6,1756.45,15,8957.9,6300,2657.9,Cash,Completed,3.1
ORD00408,2026-05-02,Delhi Connaught,Delhi,Delhi,North,Amit Verma,Beauty,Shampoo,6,468.0,10,0.0,1740,0.0,Cash,Cancelled,
ORD00409,2026-08-14,Chennai T Nagar,Chennai,Tamil Nadu,South,Karthik Iyer,Beauty,Moisturizer,4,554.63,0,2218.52,1360,858.52,Debit Card,Completed,4.9
ORD00410,2026-05-12,Delhi Connaught,Delhi,Delhi,North,Amit Verma,Beauty,Moisturizer,4,554.72,0,2218.88,1360,858.88,Debit Card,Completed,4.5
ORD00411,2026-04-16,Chennai T Nagar,Chennai,Tamil Nadu,South,Karthik Iyer,Beauty,Moisturizer,5,566.9,10,0.0,1700,0.0,Debit Card,Cancelled,
ORD00412,2026-08-25,Lucknow Hazratganj,Lucknow,Uttar Pradesh,North,Sanjay Singh,Electronics,Headphones,5,1772.17,5,8417.81,5500,2917.81,Credit Card,Completed,4.0
ORD00413,2026-02-06,Hyderabad Banjara,Hyderabad,Telangana,South,Anjali Reddy,Beauty,Face Wash,3,339.48,0,1018.44,660,358.44,Credit Card,Completed,4.2
ORD00414,2026-03-11,Hyderabad Banjara,Hyderabad,Telangana,South,Anjali Reddy,Home & Kitchen,Mixer Grinder,6,3846.53,15,19617.3,16200,3417.3,UPI,Completed,3.1
ORD00415,2026-07-29,Kolkata Park Street,Kolkata,West Bengal,East,Priya Sen,Beauty,Face Wash,4,358.48,5,1362.22,880,482.22,UPI,Completed,4.6
ORD00416,2026-04-04,Hyderabad Banjara,Hyderabad,Telangana,South,Anjali Reddy,Grocery,Rice 5kg,2,670.13,0,1340.26,1020,320.26,Cash,Completed,4.7
ORD00417,2026-01-15,Lucknow Hazratganj,Lucknow,Uttar Pradesh,North,Sanjay Singh,Beauty,Moisturizer,5,535.03,0,2675.15,1700,975.15,Credit Card,Completed,3.5
ORD00418,2026-05-08,Delhi Connaught,Delhi,Delhi,North,Amit Verma,Beauty,Perfume,2,1795.49,10,3231.88,2100,1131.88,Credit Card,Completed,4.7
ORD00419,2026-08-27,Lucknow Hazratganj,Lucknow,Uttar Pradesh,North,Sanjay Singh,Beauty,Face Wash,4,348.91,5,1325.86,880,445.86,Credit Card,Completed,3.8
ORD00420,2026-07-05,Hyderabad Banjara,Hyderabad,Telangana,South,Anjali Reddy,Electronics,Laptop,3,54942.22,10,148343.99,126000,22343.99,UPI,Completed,3.0
ORD00421,2026-08-23,Chennai T Nagar,Chennai,Tamil Nadu,South,Karthik Iyer,Electronics,Smartphone,4,21402.79,5,81330.6,64000,17330.6,Credit Card,Completed,4.9
ORD00422,2026-05-28,Delhi Connaught,Delhi,Delhi,North,Amit Verma,Electronics,Smartwatch,2,4679.4,20,7487.04,5800,1687.04,Net Banking,Completed,4.5
ORD00423,2026-01-13,Chennai T Nagar,Chennai,Tamil Nadu,South,Karthik Iyer,Home & Kitchen,Water Bottle,3,723.73,20,1736.95,1200,536.95,Cash,Completed,4.2
ORD00424,2026-05-21,Bengaluru MG Road,Bengaluru,Karnataka,South,Vikram Rao,Electronics,Smartwatch,3,4541.2,10,12261.24,8700,3561.24,Credit Card,Completed,4.8
ORD00425,2026-03-07,Mumbai Andheri,Mumbai,Maharashtra,West,Neha Kapoor,Clothing,Jacket,1,3131.16,10,2818.04,1900,918.04,Credit Card,Completed,4.1
ORD00426,2026-04-02,Mumbai Andheri,Mumbai,Maharashtra,West,Neha Kapoor,Beauty,Shampoo,6,440.75,5,2512.28,1740,772.28,Credit Card,Completed,3.1
ORD00427,2026-04-26,Hyderabad Banjara,Hyderabad,Telangana,South,Anjali Reddy,Beauty,Perfume,2,1786.63,20,2858.61,2100,758.61,Cash,Completed,3.2
ORD00428,2026-06-27,Kolkata Park Street,Kolkata,West Bengal,East,Priya Sen,Grocery,Rice 5kg,4,667.82,0,2671.28,2040,631.28,Credit Card,Completed,3.4
ORD00429,2026-04-06,Hyderabad Banjara,Hyderabad,Telangana,South,Anjali Reddy,Beauty,Moisturizer,1,551.42,20,441.14,340,101.14,UPI,Completed,3.8
ORD00430,2026-05-09,Kolkata Park Street,Kolkata,West Bengal,East,Priya Sen,Electronics,Smartwatch,3,4639.79,10,12527.43,8700,3827.43,Cash,Completed,4.4
ORD00431,2026-01-07,Jaipur Central,Jaipur,Rajasthan,West,Rajesh Sharma,Clothing,T-Shirt,6,870.73,5,4963.16,3000,1963.16,Debit Card,Completed,4.8
ORD00432,2026-03-22,Lucknow Hazratganj,Lucknow,Uttar Pradesh,North,Sanjay Singh,Grocery,Tea 500g,1,274.81,5,261.07,210,51.07,Debit Card,Completed,3.6
ORD00433,2026-03-05,Delhi Connaught,Delhi,Delhi,North,Amit Verma,Clothing,Jeans,1,1730.59,10,1557.53,1050,507.53,Net Banking,Completed,3.2
ORD00434,2026-03-11,Bengaluru MG Road,Bengaluru,Karnataka,South,Vikram Rao,Clothing,Jeans,6,1726.54,10,9323.32,6300,3023.32,Debit Card,Completed,4.6
ORD00435,2026-02-19,Bengaluru MG Road,Bengaluru,Karnataka,South,Vikram Rao,Beauty,Face Wash,2,339.73,5,645.49,440,205.49,Credit Card,Completed,4.8
ORD00436,2026-05-06,Hyderabad Banjara,Hyderabad,Telangana,South,Anjali Reddy,Grocery,Cooking Oil 1L,5,148.12,0,740.6,600,140.6,Credit Card,Completed,4.0
ORD00437,2026-02-12,Kolkata Park Street,Kolkata,West Bengal,East,Priya Sen,Beauty,Perfume,5,1719.64,5,8168.29,5250,2918.29,Debit Card,Completed,4.8
ORD00438,2026-02-11,Bengaluru MG Road,Bengaluru,Karnataka,South,Vikram Rao,Beauty,Perfume,1,1846.1,10,1661.49,1050,611.49,Debit Card,Completed,4.5
ORD00439,2026-03-25,Kolkata Park Street,Kolkata,West Bengal,East,Priya Sen,Home & Kitchen,Dinner Set,5,2290.71,10,10308.19,7750,2558.19,Net Banking,Completed,3.5
ORD00440,2026-06-10,Bengaluru MG Road,Bengaluru,Karnataka,South,Vikram Rao,Beauty,Moisturizer,5,565.59,10,2545.16,1700,845.16,Debit Card,Completed,3.9
ORD00441,2026-01-19,Bengaluru MG Road,Bengaluru,Karnataka,South,Vikram Rao,Clothing,Jeans,1,1790.0,10,1611.0,1050,561.0,Cash,Completed,3.8
ORD00442,2026-01-13,Kolkata Park Street,Kolkata,West Bengal,East,Priya Sen,Beauty,Face Wash,5,352.34,15,-1497.44,1100,-2597.44,Net Banking,Returned,3.2
ORD00443,2026-03-09,Jaipur Central,Jaipur,Rajasthan,West,Rajesh Sharma,Grocery,Rice 5kg,1,657.59,10,591.83,510,81.83,Debit Card,Completed,4.8
ORD00444,2026-03-13,Mumbai Andheri,Mumbai,Maharashtra,West,Neha Kapoor,Home & Kitchen,Coffee Maker,5,4984.01,20,19936.04,18000,1936.04,Cash,Completed,3.5
ORD00445,2026-07-12,Delhi Connaught,Delhi,Delhi,North,Amit Verma,Home & Kitchen,Dinner Set,3,2418.34,0,-7255.02,4650,-11905.02,UPI,Returned,4.6
ORD00446,2026-06-14,Lucknow Hazratganj,Lucknow,Uttar Pradesh,North,Sanjay Singh,Electronics,Smartphone,2,21088.69,5,40068.51,32000,8068.51,Debit Card,Completed,3.1
ORD00447,2026-04-01,Kolkata Park Street,Kolkata,West Bengal,East,Priya Sen,Beauty,Moisturizer,3,563.95,20,1353.48,1020,333.48,Debit Card,Completed,3.1
ORD00448,2026-04-25,Bengaluru MG Road,Bengaluru,Karnataka,South,Vikram Rao,Clothing,Sneakers,1,4327.52,15,3678.39,2600,1078.39,Credit Card,Completed,3.5
ORD00449,2026-06-01,Kolkata Park Street,Kolkata,West Bengal,East,Priya Sen,Grocery,Rice 5kg,3,642.19,5,1830.24,1530,300.24,UPI,Completed,3.7
ORD00450,2026-07-30,Lucknow Hazratganj,Lucknow,Uttar Pradesh,North,Sanjay Singh,Clothing,T-Shirt,1,944.19,5,896.98,500,396.98,Debit Card,Completed,4.7
ORD00451,2026-01-26,Mumbai Andheri,Mumbai,Maharashtra,West,Neha Kapoor,Clothing,Sneakers,2,4258.75,0,8517.5,5200,3317.5,Cash,Completed,4.9
ORD00452,2026-05-13,Bengaluru MG Road,Bengaluru,Karnataka,South,Vikram Rao,Clothing,T-Shirt,4,912.98,5,0.0,2000,0.0,Cash,Cancelled,
ORD00453,2026-05-23,Hyderabad Banjara,Hyderabad,Telangana,South,Anjali Reddy,Home & Kitchen,Mixer Grinder,6,3728.15,0,22368.9,16200,6168.9,UPI,Completed,3.8
ORD00454,2026-03-05,Kolkata Park Street,Kolkata,West Bengal,East,Priya Sen,Clothing,Jeans,1,1799.68,20,-1439.74,1050,-2489.74,Net Banking,Returned,5.0
ORD00455,2026-03-09,Delhi Connaught,Delhi,Delhi,North,Amit Verma,Home & Kitchen,Mixer Grinder,3,3731.8,5,10635.63,8100,2535.63,Cash,Completed,5.0
ORD00456,2026-04-11,Lucknow Hazratganj,Lucknow,Uttar Pradesh,North,Sanjay Singh,Home & Kitchen,Water Bottle,4,691.6,5,2628.08,1600,1028.08,Net Banking,Completed,4.8
ORD00457,2026-05-24,Delhi Connaught,Delhi,Delhi,North,Amit Verma,Electronics,Smartphone,2,22541.42,5,42828.7,32000,10828.7,UPI,Completed,4.3
ORD00458,2026-06-15,Lucknow Hazratganj,Lucknow,Uttar Pradesh,North,Sanjay Singh,Clothing,Sneakers,3,4362.37,10,11778.4,7800,3978.4,Credit Card,Completed,3.6
ORD00459,2026-02-21,Mumbai Andheri,Mumbai,Maharashtra,West,Neha Kapoor,Beauty,Perfume,3,1839.62,0,5518.86,3150,2368.86,Debit Card,Completed,3.5
ORD00460,2026-08-07,Delhi Connaught,Delhi,Delhi,North,Amit Verma,Home & Kitchen,Water Bottle,2,734.43,10,-1321.97,800,-2121.97,Credit Card,Returned,4.7
ORD00461,2026-01-04,Hyderabad Banjara,Hyderabad,Telangana,South,Anjali Reddy,Electronics,Smartwatch,1,4303.61,5,4088.43,2900,1188.43,Cash,Completed,4.8
ORD00462,2026-01-01,Bengaluru MG Road,Bengaluru,Karnataka,South,Vikram Rao,Electronics,Laptop,6,57315.86,15,292310.89,252000,40310.89,Net Banking,Completed,4.6
ORD00463,2026-04-19,Lucknow Hazratganj,Lucknow,Uttar Pradesh,North,Sanjay Singh,Beauty,Moisturizer,3,527.09,10,1423.14,1020,403.14,Credit Card,Completed,4.5
ORD00464,2026-07-10,Lucknow Hazratganj,Lucknow,Uttar Pradesh,North,Sanjay Singh,Clothing,Jacket,3,3138.93,5,8945.95,5700,3245.95,Net Banking,Completed,3.1
ORD00465,2026-08-24,Lucknow Hazratganj,Lucknow,Uttar Pradesh,North,Sanjay Singh,Clothing,Jeans,1,1829.36,10,1646.42,1050,596.42,Cash,Completed,3.9
ORD00466,2026-07-06,Delhi Connaught,Delhi,Delhi,North,Amit Verma,Clothing,T-Shirt,6,899.63,10,4858.0,3000,1858.0,Credit Card,Completed,4.6
ORD00467,2026-01-30,Jaipur Central,Jaipur,Rajasthan,West,Rajesh Sharma,Clothing,Jeans,2,1848.47,10,0.0,2100,0.0,Net Banking,Cancelled,
ORD00468,2026-05-19,Chennai T Nagar,Chennai,Tamil Nadu,South,Karthik Iyer,Electronics,Headphones,1,1803.34,5,1713.17,1100,613.17,Debit Card,Completed,3.3
ORD00469,2026-07-21,Kolkata Park Street,Kolkata,West Bengal,East,Priya Sen,Beauty,Shampoo,5,438.28,10,1972.26,1450,522.26,Cash,Completed,3.2
ORD00470,2026-06-20,Chennai T Nagar,Chennai,Tamil Nadu,South,Karthik Iyer,Clothing,T-Shirt,3,941.45,5,2683.13,1500,1183.13,Cash,Completed,4.6
ORD00471,2026-02-26,Delhi Connaught,Delhi,Delhi,North,Amit Verma,Beauty,Shampoo,6,462.66,20,2220.77,1740,480.77,Net Banking,Completed,4.3
ORD00472,2026-03-06,Mumbai Andheri,Mumbai,Maharashtra,West,Neha Kapoor,Grocery,Rice 5kg,5,621.78,0,3108.9,2550,558.9,Net Banking,Completed,3.1
ORD00473,2026-01-02,Lucknow Hazratganj,Lucknow,Uttar Pradesh,North,Sanjay Singh,Clothing,Sneakers,6,4196.02,20,20140.9,15600,4540.9,Net Banking,Completed,3.9
ORD00474,2026-07-01,Kolkata Park Street,Kolkata,West Bengal,East,Priya Sen,Clothing,T-Shirt,3,889.87,10,-2402.65,1500,-3902.65,Debit Card,Returned,3.4
ORD00475,2026-03-08,Chennai T Nagar,Chennai,Tamil Nadu,South,Karthik Iyer,Grocery,Biscuits Pack,6,103.65,5,590.81,432,158.81,Cash,Completed,4.5
ORD00476,2026-08-28,Bengaluru MG Road,Bengaluru,Karnataka,South,Vikram Rao,Clothing,Jacket,4,3121.79,5,-11862.8,7600,-19462.8,Net Banking,Returned,3.1
ORD00477,2026-08-13,Bengaluru MG Road,Bengaluru,Karnataka,South,Vikram Rao,Clothing,Jeans,3,1809.58,10,4885.87,3150,1735.87,Credit Card,Completed,4.7
ORD00478,2026-03-06,Mumbai Andheri,Mumbai,Maharashtra,West,Neha Kapoor,Beauty,Face Wash,4,341.84,15,1162.26,880,282.26,Net Banking,Completed,4.9
ORD00479,2026-05-26,Kolkata Park Street,Kolkata,West Bengal,East,Priya Sen,Clothing,Jeans,5,1872.24,20,7488.96,5250,2238.96,Credit Card,Completed,3.5
ORD00480,2026-04-21,Lucknow Hazratganj,Lucknow,Uttar Pradesh,North,Sanjay Singh,Clothing,Jeans,6,1882.96,0,11297.76,6300,4997.76,Credit Card,Completed,3.3
ORD00481,2026-07-06,Jaipur Central,Jaipur,Rajasthan,West,Rajesh Sharma,Electronics,Laptop,6,53097.28,20,254866.94,252000,2866.94,Debit Card,Completed,3.2
ORD00482,2026-05-03,Chennai T Nagar,Chennai,Tamil Nadu,South,Karthik Iyer,Electronics,Laptop,6,53862.27,0,323173.62,252000,71173.62,Credit Card,Completed,4.7
ORD00483,2026-04-30,Hyderabad Banjara,Hyderabad,Telangana,South,Anjali Reddy,Beauty,Face Wash,3,353.03,20,847.27,660,187.27,Cash,Completed,4.4
ORD00484,2026-01-17,Jaipur Central,Jaipur,Rajasthan,West,Rajesh Sharma,Electronics,Laptop,6,52856.36,20,253710.53,252000,1710.53,Net Banking,Completed,3.7
ORD00485,2026-03-16,Lucknow Hazratganj,Lucknow,Uttar Pradesh,North,Sanjay Singh,Beauty,Face Wash,6,339.3,10,1832.22,1320,512.22,Debit Card,Completed,4.7
ORD00486,2026-01-04,Lucknow Hazratganj,Lucknow,Uttar Pradesh,North,Sanjay Singh,Electronics,Headphones,5,1792.94,10,8068.23,5500,2568.23,Net Banking,Completed,3.1
ORD00487,2026-04-18,Bengaluru MG Road,Bengaluru,Karnataka,South,Vikram Rao,Electronics,Smartphone,2,21984.79,10,39572.62,32000,7572.62,UPI,Completed,4.1
ORD00488,2026-04-04,Delhi Connaught,Delhi,Delhi,North,Amit Verma,Clothing,Jacket,3,3064.84,0,9194.52,5700,3494.52,Cash,Completed,3.1
ORD00489,2026-08-08,Mumbai Andheri,Mumbai,Maharashtra,West,Neha Kapoor,Grocery,Cooking Oil 1L,5,155.2,5,737.2,600,137.2,UPI,Completed,4.2
ORD00490,2026-02-18,Jaipur Central,Jaipur,Rajasthan,West,Rajesh Sharma,Beauty,Shampoo,6,460.51,10,2486.75,1740,746.75,Credit Card,Completed,4.6
ORD00491,2026-02-19,Hyderabad Banjara,Hyderabad,Telangana,South,Anjali Reddy,Grocery,Biscuits Pack,3,103.43,20,248.23,216,32.23,Credit Card,Completed,4.1
ORD00492,2026-03-12,Delhi Connaught,Delhi,Delhi,North,Amit Verma,Clothing,Jacket,2,3282.82,10,5909.08,3800,2109.08,Debit Card,Completed,4.6
ORD00493,2026-01-14,Hyderabad Banjara,Hyderabad,Telangana,South,Anjali Reddy,Beauty,Face Wash,2,342.85,5,651.41,440,211.41,Debit Card,Completed,3.7
ORD00494,2026-04-21,Mumbai Andheri,Mumbai,Maharashtra,West,Neha Kapoor,Home & Kitchen,Dinner Set,5,2444.44,10,10999.98,7750,3249.98,Credit Card,Completed,3.1
ORD00495,2026-04-24,Bengaluru MG Road,Bengaluru,Karnataka,South,Vikram Rao,Home & Kitchen,Water Bottle,3,666.37,0,1999.11,1200,799.11,Net Banking,Completed,3.1
ORD00496,2026-08-23,Kolkata Park Street,Kolkata,West Bengal,East,Priya Sen,Grocery,Cooking Oil 1L,1,153.06,20,122.45,120,2.45,Net Banking,Completed,3.2
ORD00497,2026-05-05,Kolkata Park Street,Kolkata,West Bengal,East,Priya Sen,Electronics,Headphones,3,1850.62,10,-4996.67,3300,-8296.67,UPI,Returned,3.2
ORD00498,2026-03-21,Delhi Connaught,Delhi,Delhi,North,Amit Verma,Home & Kitchen,Dinner Set,4,2360.24,0,9440.96,6200,3240.96,Net Banking,Completed,3.5
ORD00499,2026-03-19,Mumbai Andheri,Mumbai,Maharashtra,West,Neha Kapoor,Grocery,Tea 500g,3,270.07,15,688.68,630,58.68,Cash,Completed,3.5
ORD00500,2026-05-19,Bengaluru MG Road,Bengaluru,Karnataka,South,Vikram Rao,Home & Kitchen,Dinner Set,1,2463.89,5,2340.7,1550,790.7,Cash,Completed,5.0
ORD00501,2026-03-18,Mumbai Andheri,Mumbai,Maharashtra,West,Neha Kapoor,Beauty,Shampoo,3,467.11,20,0.0,870,0.0,Net Banking,Cancelled,
ORD00502,2026-05-29,Chennai T Nagar,Chennai,Tamil Nadu,South,Karthik Iyer,Beauty,Face Wash,3,361.77,20,868.25,660,208.25,Cash,Completed,4.5
ORD00503,2026-03-27,Kolkata Park Street,Kolkata,West Bengal,East,Priya Sen,Clothing,Sneakers,6,4045.62,10,21846.35,15600,6246.35,Cash,Completed,3.7
ORD00504,2026-04-09,Jaipur Central,Jaipur,Rajasthan,West,Rajesh Sharma,Grocery,Rice 5kg,6,656.62,10,3545.75,3060,485.75,Cash,Completed,3.4
ORD00505,2026-04-26,Chennai T Nagar,Chennai,Tamil Nadu,South,Karthik Iyer,Electronics,Smartwatch,3,4307.46,20,10337.9,8700,1637.9,Credit Card,Completed,3.9
ORD00506,2026-05-01,Hyderabad Banjara,Hyderabad,Telangana,South,Anjali Reddy,Beauty,Face Wash,3,356.37,5,1015.65,660,355.65,Cash,Completed,4.7
ORD00507,2026-06-03,Chennai T Nagar,Chennai,Tamil Nadu,South,Karthik Iyer,Electronics,Smartwatch,6,4588.12,5,26152.28,17400,8752.28,Cash,Completed,4.0
ORD00508,2026-07-20,Mumbai Andheri,Mumbai,Maharashtra,West,Neha Kapoor,Clothing,Sneakers,5,4182.52,5,19866.97,13000,6866.97,Debit Card,Completed,4.7
ORD00509,2026-08-15,Bengaluru MG Road,Bengaluru,Karnataka,South,Vikram Rao,Grocery,Cooking Oil 1L,2,144.36,10,259.85,240,19.85,UPI,Completed,4.7
ORD00510,2026-02-15,Mumbai Andheri,Mumbai,Maharashtra,West,Neha Kapoor,Clothing,T-Shirt,5,943.82,20,3775.28,2500,1275.28,Cash,Completed,3.9
ORD00511,2026-04-08,Chennai T Nagar,Chennai,Tamil Nadu,South,Karthik Iyer,Home & Kitchen,Mixer Grinder,3,3881.14,10,10479.08,8100,2379.08,Debit Card,Completed,3.3
ORD00512,2026-04-21,Hyderabad Banjara,Hyderabad,Telangana,South,Anjali Reddy,Clothing,T-Shirt,1,901.84,20,721.47,500,221.47,Credit Card,Completed,3.1
ORD00513,2026-08-04,Chennai T Nagar,Chennai,Tamil Nadu,South,Karthik Iyer,Electronics,Laptop,2,56902.77,5,108115.26,84000,24115.26,Debit Card,Completed,4.4
ORD00514,2026-01-27,Hyderabad Banjara,Hyderabad,Telangana,South,Anjali Reddy,Home & Kitchen,Water Bottle,4,702.57,10,2529.25,1600,929.25,Debit Card,Completed,4.7
ORD00515,2026-07-31,Jaipur Central,Jaipur,Rajasthan,West,Rajesh Sharma,Electronics,Laptop,1,55158.86,5,52400.92,42000,10400.92,Net Banking,Completed,3.8
ORD00516,2026-05-23,Delhi Connaught,Delhi,Delhi,North,Amit Verma,Electronics,Smartwatch,5,4312.93,0,21564.65,14500,7064.65,Net Banking,Completed,3.9
ORD00517,2026-02-22,Delhi Connaught,Delhi,Delhi,North,Amit Verma,Grocery,Tea 500g,2,268.71,0,537.42,420,117.42,Cash,Completed,3.7
ORD00518,2026-01-28,Hyderabad Banjara,Hyderabad,Telangana,South,Anjali Reddy,Beauty,Shampoo,4,444.03,15,1509.7,1160,349.7,Cash,Completed,3.1
ORD00519,2026-04-20,Mumbai Andheri,Mumbai,Maharashtra,West,Neha Kapoor,Clothing,Jacket,2,3308.07,10,5954.53,3800,2154.53,Cash,Completed,4.6
ORD00520,2026-07-17,Mumbai Andheri,Mumbai,Maharashtra,West,Neha Kapoor,Electronics,Laptop,2,52395.47,5,99551.39,84000,15551.39,Cash,Completed,3.7
ORD00521,2026-01-13,Hyderabad Banjara,Hyderabad,Telangana,South,Anjali Reddy,Grocery,Cooking Oil 1L,1,149.57,0,149.57,120,29.57,Cash,Completed,4.4
ORD00522,2026-02-16,Mumbai Andheri,Mumbai,Maharashtra,West,Neha Kapoor,Beauty,Shampoo,3,465.57,5,1326.87,870,456.87,Credit Card,Completed,4.0
ORD00523,2026-01-22,Mumbai Andheri,Mumbai,Maharashtra,West,Neha Kapoor,Electronics,Headphones,5,1781.25,0,8906.25,5500,3406.25,Debit Card,Completed,3.5
ORD00524,2026-08-18,Chennai T Nagar,Chennai,Tamil Nadu,South,Karthik Iyer,Home & Kitchen,Water Bottle,4,690.7,10,2486.52,1600,886.52,Cash,Completed,4.0
ORD00525,2026-05-04,Hyderabad Banjara,Hyderabad,Telangana,South,Anjali Reddy,Beauty,Face Wash,1,344.75,15,293.04,220,73.04,Net Banking,Completed,3.5
ORD00526,2026-01-12,Jaipur Central,Jaipur,Rajasthan,West,Rajesh Sharma,Clothing,Jacket,3,3231.79,20,-7756.3,5700,-13456.3,Credit Card,Returned,4.5
ORD00527,2026-07-05,Chennai T Nagar,Chennai,Tamil Nadu,South,Karthik Iyer,Home & Kitchen,Coffee Maker,6,5250.44,0,-31502.64,21600,-53102.64,Debit Card,Returned,3.2
ORD00528,2026-01-07,Hyderabad Banjara,Hyderabad,Telangana,South,Anjali Reddy,Grocery,Tea 500g,4,270.84,15,920.86,840,80.86,Credit Card,Completed,4.8
ORD00529,2026-07-11,Lucknow Hazratganj,Lucknow,Uttar Pradesh,North,Sanjay Singh,Home & Kitchen,Mixer Grinder,4,3706.07,5,14083.07,10800,3283.07,Cash,Completed,4.3
ORD00530,2026-05-04,Mumbai Andheri,Mumbai,Maharashtra,West,Neha Kapoor,Beauty,Shampoo,2,429.29,20,686.86,580,106.86,Cash,Completed,3.1
ORD00531,2026-04-16,Jaipur Central,Jaipur,Rajasthan,West,Rajesh Sharma,Clothing,Jacket,5,3318.99,20,13275.96,9500,3775.96,Cash,Completed,4.3
ORD00532,2026-02-20,Hyderabad Banjara,Hyderabad,Telangana,South,Anjali Reddy,Home & Kitchen,Coffee Maker,4,5063.29,10,18227.84,14400,3827.84,Credit Card,Completed,3.5
ORD00533,2026-05-03,Hyderabad Banjara,Hyderabad,Telangana,South,Anjali Reddy,Clothing,T-Shirt,1,907.51,5,862.13,500,362.13,Debit Card,Completed,3.9
ORD00534,2026-01-26,Jaipur Central,Jaipur,Rajasthan,West,Rajesh Sharma,Clothing,Jacket,6,3145.48,20,15098.3,11400,3698.3,Debit Card,Completed,3.6
ORD00535,2026-04-01,Lucknow Hazratganj,Lucknow,Uttar Pradesh,North,Sanjay Singh,Beauty,Face Wash,2,350.5,5,665.95,440,225.95,UPI,Completed,3.0
ORD00536,2026-06-27,Mumbai Andheri,Mumbai,Maharashtra,West,Neha Kapoor,Grocery,Biscuits Pack,1,103.58,15,88.04,72,16.04,UPI,Completed,3.5
ORD00537,2026-08-29,Mumbai Andheri,Mumbai,Maharashtra,West,Neha Kapoor,Beauty,Shampoo,1,450.61,15,383.02,290,93.02,Debit Card,Completed,3.2
ORD00538,2026-02-07,Lucknow Hazratganj,Lucknow,Uttar Pradesh,North,Sanjay Singh,Clothing,Sneakers,6,4292.05,10,23177.07,15600,7577.07,Credit Card,Completed,4.5
ORD00539,2026-01-28,Jaipur Central,Jaipur,Rajasthan,West,Rajesh Sharma,Home & Kitchen,Mixer Grinder,5,3963.72,10,0.0,13500,0.0,Cash,Cancelled,
ORD00540,2026-03-01,Hyderabad Banjara,Hyderabad,Telangana,South,Anjali Reddy,Grocery,Rice 5kg,2,619.9,0,1239.8,1020,219.8,Debit Card,Completed,3.8
ORD00541,2026-02-16,Chennai T Nagar,Chennai,Tamil Nadu,South,Karthik Iyer,Beauty,Perfume,1,1786.21,20,1428.97,1050,378.97,UPI,Completed,3.5
ORD00542,2026-01-23,Chennai T Nagar,Chennai,Tamil Nadu,South,Karthik Iyer,Home & Kitchen,Water Bottle,4,723.23,5,2748.27,1600,1148.27,UPI,Completed,3.2
ORD00543,2026-07-21,Chennai T Nagar,Chennai,Tamil Nadu,South,Karthik Iyer,Grocery,Biscuits Pack,6,95.98,15,489.5,432,57.5,Debit Card,Completed,4.5
ORD00544,2026-04-15,Chennai T Nagar,Chennai,Tamil Nadu,South,Karthik Iyer,Clothing,Sneakers,2,4217.27,20,0.0,5200,0.0,Net Banking,Cancelled,
ORD00545,2026-08-20,Chennai T Nagar,Chennai,Tamil Nadu,South,Karthik Iyer,Clothing,T-Shirt,2,906.51,0,-1813.02,1000,-2813.02,Cash,Returned,3.9
ORD00546,2026-07-08,Hyderabad Banjara,Hyderabad,Telangana,South,Anjali Reddy,Clothing,T-Shirt,5,901.0,5,4279.75,2500,1779.75,Debit Card,Completed,3.3
ORD00547,2026-03-05,Kolkata Park Street,Kolkata,West Bengal,East,Priya Sen,Grocery,Tea 500g,3,278.7,0,836.1,630,206.1,Debit Card,Completed,3.1
ORD00548,2026-07-07,Hyderabad Banjara,Hyderabad,Telangana,South,Anjali Reddy,Clothing,Sneakers,4,3993.14,5,15173.93,10400,4773.93,Debit Card,Completed,3.7
ORD00549,2026-08-03,Mumbai Andheri,Mumbai,Maharashtra,West,Neha Kapoor,Electronics,Headphones,2,1711.48,0,3422.96,2200,1222.96,Credit Card,Completed,4.1
ORD00550,2026-07-12,Bengaluru MG Road,Bengaluru,Karnataka,South,Vikram Rao,Clothing,T-Shirt,2,860.63,15,1463.07,1000,463.07,Debit Card,Completed,3.1
ORD00551,2026-08-08,Kolkata Park Street,Kolkata,West Bengal,East,Priya Sen,Electronics,Laptop,1,55222.83,10,49700.55,42000,7700.55,Credit Card,Completed,3.0
ORD00552,2026-08-01,Kolkata Park Street,Kolkata,West Bengal,East,Priya Sen,Electronics,Laptop,1,55824.98,10,-50242.48,42000,-92242.48,Credit Card,Returned,4.5
ORD00553,2026-06-29,Bengaluru MG Road,Bengaluru,Karnataka,South,Vikram Rao,Beauty,Shampoo,6,472.22,20,0.0,1740,0.0,Cash,Cancelled,
ORD00554,2026-04-28,Lucknow Hazratganj,Lucknow,Uttar Pradesh,North,Sanjay Singh,Clothing,Sneakers,3,4015.1,0,0.0,7800,0.0,UPI,Cancelled,
ORD00555,2026-04-11,Kolkata Park Street,Kolkata,West Bengal,East,Priya Sen,Beauty,Shampoo,4,457.3,5,1737.74,1160,577.74,UPI,Completed,3.9
ORD00556,2026-01-13,Chennai T Nagar,Chennai,Tamil Nadu,South,Karthik Iyer,Beauty,Moisturizer,2,575.7,15,978.69,680,298.69,Debit Card,Completed,3.0
ORD00557,2026-02-09,Chennai T Nagar,Chennai,Tamil Nadu,South,Karthik Iyer,Grocery,Cooking Oil 1L,6,144.3,10,779.22,720,59.22,Debit Card,Completed,4.3
ORD00558,2026-01-18,Bengaluru MG Road,Bengaluru,Karnataka,South,Vikram Rao,Home & Kitchen,Water Bottle,1,732.11,0,732.11,400,332.11,Credit Card,Completed,4.5
ORD00559,2026-02-16,Jaipur Central,Jaipur,Rajasthan,West,Rajesh Sharma,Home & Kitchen,Water Bottle,1,722.42,15,614.06,400,214.06,Cash,Completed,4.3
ORD00560,2026-02-14,Lucknow Hazratganj,Lucknow,Uttar Pradesh,North,Sanjay Singh,Home & Kitchen,Coffee Maker,1,5429.41,10,4886.47,3600,1286.47,Net Banking,Completed,3.8
ORD00561,2026-08-25,Jaipur Central,Jaipur,Rajasthan,West,Rajesh Sharma,Grocery,Rice 5kg,6,659.28,5,3757.9,3060,697.9,Net Banking,Completed,4.5
ORD00562,2026-02-05,Hyderabad Banjara,Hyderabad,Telangana,South,Anjali Reddy,Grocery,Tea 500g,5,268.52,10,1208.34,1050,158.34,Credit Card,Completed,4.7
ORD00563,2026-08-20,Kolkata Park Street,Kolkata,West Bengal,East,Priya Sen,Clothing,T-Shirt,3,931.34,15,2374.92,1500,874.92,Net Banking,Completed,3.9
ORD00564,2026-04-05,Bengaluru MG Road,Bengaluru,Karnataka,South,Vikram Rao,Grocery,Tea 500g,1,286.45,5,272.13,210,62.13,Cash,Completed,3.1
ORD00565,2026-06-21,Delhi Connaught,Delhi,Delhi,North,Amit Verma,Electronics,Smartphone,6,23003.42,10,124218.47,96000,28218.47,UPI,Completed,4.0
ORD00566,2026-01-27,Chennai T Nagar,Chennai,Tamil Nadu,South,Karthik Iyer,Beauty,Face Wash,3,357.52,0,1072.56,660,412.56,Debit Card,Completed,4.8
ORD00567,2026-02-04,Hyderabad Banjara,Hyderabad,Telangana,South,Anjali Reddy,Electronics,Laptop,3,57030.29,0,171090.87,126000,45090.87,Debit Card,Completed,4.4
ORD00568,2026-03-07,Chennai T Nagar,Chennai,Tamil Nadu,South,Karthik Iyer,Grocery,Cooking Oil 1L,1,146.99,10,132.29,120,12.29,Net Banking,Completed,3.7
ORD00569,2026-02-25,Jaipur Central,Jaipur,Rajasthan,West,Rajesh Sharma,Clothing,Sneakers,2,4001.33,5,7602.53,5200,2402.53,Credit Card,Completed,4.9
ORD00570,2026-08-20,Bengaluru MG Road,Bengaluru,Karnataka,South,Vikram Rao,Clothing,Jeans,4,1839.83,15,6255.42,4200,2055.42,Debit Card,Completed,3.9
ORD00571,2026-04-30,Hyderabad Banjara,Hyderabad,Telangana,South,Anjali Reddy,Clothing,Sneakers,4,4242.17,0,16968.68,10400,6568.68,Debit Card,Completed,3.4
ORD00572,2026-02-09,Delhi Connaught,Delhi,Delhi,North,Amit Verma,Home & Kitchen,Water Bottle,1,723.21,15,614.73,400,214.73,Debit Card,Completed,3.8
ORD00573,2026-03-20,Kolkata Park Street,Kolkata,West Bengal,East,Priya Sen,Beauty,Perfume,1,1887.73,15,1604.57,1050,554.57,Net Banking,Completed,3.6
ORD00574,2026-06-08,Bengaluru MG Road,Bengaluru,Karnataka,South,Vikram Rao,Home & Kitchen,Water Bottle,3,695.6,5,1982.46,1200,782.46,Debit Card,Completed,3.3
ORD00575,2026-06-27,Hyderabad Banjara,Hyderabad,Telangana,South,Anjali Reddy,Grocery,Rice 5kg,1,647.98,0,-647.98,510,-1157.98,UPI,Returned,3.2
ORD00576,2026-05-21,Bengaluru MG Road,Bengaluru,Karnataka,South,Vikram Rao,Electronics,Smartwatch,1,4402.66,0,4402.66,2900,1502.66,Credit Card,Completed,4.6
ORD00577,2026-06-23,Lucknow Hazratganj,Lucknow,Uttar Pradesh,North,Sanjay Singh,Electronics,Smartwatch,6,4686.02,15,23898.7,17400,6498.7,Cash,Completed,3.6
ORD00578,2026-06-25,Delhi Connaught,Delhi,Delhi,North,Amit Verma,Grocery,Tea 500g,2,271.25,5,515.38,420,95.38,Debit Card,Completed,3.6
ORD00579,2026-03-19,Chennai T Nagar,Chennai,Tamil Nadu,South,Karthik Iyer,Home & Kitchen,Water Bottle,5,727.42,0,3637.1,2000,1637.1,Credit Card,Completed,3.5
ORD00580,2026-06-03,Hyderabad Banjara,Hyderabad,Telangana,South,Anjali Reddy,Clothing,Jeans,1,1803.23,10,1622.91,1050,572.91,Net Banking,Completed,4.3
ORD00581,2026-04-15,Delhi Connaught,Delhi,Delhi,North,Amit Verma,Grocery,Biscuits Pack,1,102.71,15,87.3,72,15.3,Debit Card,Completed,3.3
ORD00582,2026-06-16,Lucknow Hazratganj,Lucknow,Uttar Pradesh,North,Sanjay Singh,Grocery,Biscuits Pack,3,95.54,20,229.3,216,13.3,UPI,Completed,4.2
ORD00583,2026-07-26,Delhi Connaught,Delhi,Delhi,North,Amit Verma,Clothing,Jeans,6,1774.38,0,10646.28,6300,4346.28,Net Banking,Completed,4.6
ORD00584,2026-01-14,Jaipur Central,Jaipur,Rajasthan,West,Rajesh Sharma,Electronics,Headphones,2,1771.02,5,3364.94,2200,1164.94,UPI,Completed,4.0
ORD00585,2026-06-23,Jaipur Central,Jaipur,Rajasthan,West,Rajesh Sharma,Beauty,Face Wash,3,361.97,5,1031.61,660,371.61,Cash,Completed,3.7
ORD00586,2026-07-21,Jaipur Central,Jaipur,Rajasthan,West,Rajesh Sharma,Clothing,Jeans,1,1722.08,20,1377.66,1050,327.66,Net Banking,Completed,4.5
ORD00587,2026-07-04,Lucknow Hazratganj,Lucknow,Uttar Pradesh,North,Sanjay Singh,Clothing,Sneakers,6,4344.16,10,23458.46,15600,7858.46,Debit Card,Completed,3.7
ORD00588,2026-07-27,Lucknow Hazratganj,Lucknow,Uttar Pradesh,North,Sanjay Singh,Grocery,Cooking Oil 1L,6,143.24,5,816.47,720,96.47,Debit Card,Completed,3.7
ORD00589,2026-07-24,Lucknow Hazratganj,Lucknow,Uttar Pradesh,North,Sanjay Singh,Beauty,Perfume,2,1836.4,5,3489.16,2100,1389.16,Credit Card,Completed,4.0
ORD00590,2026-01-29,Kolkata Park Street,Kolkata,West Bengal,East,Priya Sen,Home & Kitchen,Water Bottle,3,716.14,10,1933.58,1200,733.58,Net Banking,Completed,3.5
ORD00591,2026-08-18,Lucknow Hazratganj,Lucknow,Uttar Pradesh,North,Sanjay Singh,Electronics,Headphones,2,1726.09,5,3279.57,2200,1079.57,Cash,Completed,3.2
ORD00592,2026-02-01,Chennai T Nagar,Chennai,Tamil Nadu,South,Karthik Iyer,Beauty,Perfume,4,1825.4,0,7301.6,4200,3101.6,Debit Card,Completed,3.8
ORD00593,2026-07-13,Delhi Connaught,Delhi,Delhi,North,Amit Verma,Clothing,Jacket,3,3052.31,0,9156.93,5700,3456.93,UPI,Completed,4.9
ORD00594,2026-04-04,Jaipur Central,Jaipur,Rajasthan,West,Rajesh Sharma,Electronics,Headphones,1,1785.86,10,1607.27,1100,507.27,Debit Card,Completed,4.1
ORD00595,2026-03-12,Jaipur Central,Jaipur,Rajasthan,West,Rajesh Sharma,Beauty,Moisturizer,6,543.02,5,3095.21,2040,1055.21,Debit Card,Completed,4.5
ORD00596,2026-04-11,Chennai T Nagar,Chennai,Tamil Nadu,South,Karthik Iyer,Grocery,Rice 5kg,1,662.02,10,595.82,510,85.82,Credit Card,Completed,4.4
ORD00597,2026-03-03,Chennai T Nagar,Chennai,Tamil Nadu,South,Karthik Iyer,Grocery,Biscuits Pack,5,100.51,5,477.42,360,117.42,UPI,Completed,3.2
ORD00598,2026-03-30,Chennai T Nagar,Chennai,Tamil Nadu,South,Karthik Iyer,Grocery,Tea 500g,4,273.18,5,1038.08,840,198.08,Cash,Completed,3.3
ORD00599,2026-05-02,Delhi Connaught,Delhi,Delhi,North,Amit Verma,Electronics,Laptop,3,56010.74,0,168032.22,126000,42032.22,Credit Card,Completed,3.7
ORD00600,2026-05-06,Delhi Connaught,Delhi,Delhi,North,Amit Verma,Home & Kitchen,Dinner Set,6,2502.31,5,14263.17,9300,4963.17,UPI,Completed,4.1
ORD00601,2026-07-02,Kolkata Park Street,Kolkata,West Bengal,East,Priya Sen,Grocery,Biscuits Pack,4,99.77,15,339.22,288,51.22,Cash,Completed,3.1
ORD00602,2026-03-01,Jaipur Central,Jaipur,Rajasthan,West,Rajesh Sharma,Clothing,T-Shirt,6,911.48,15,4648.55,3000,1648.55,Cash,Completed,3.8
ORD00603,2026-01-02,Chennai T Nagar,Chennai,Tamil Nadu,South,Karthik Iyer,Clothing,T-Shirt,5,859.76,5,4083.86,2500,1583.86,UPI,Completed,3.4
ORD00604,2026-03-18,Kolkata Park Street,Kolkata,West Bengal,East,Priya Sen,Electronics,Headphones,6,1749.2,10,9445.68,6600,2845.68,Debit Card,Completed,3.9
ORD00605,2026-02-23,Mumbai Andheri,Mumbai,Maharashtra,West,Neha Kapoor,Beauty,Perfume,2,1874.49,5,3561.53,2100,1461.53,Debit Card,Completed,4.1
ORD00606,2026-08-03,Delhi Connaught,Delhi,Delhi,North,Amit Verma,Clothing,Jeans,6,1733.88,0,10403.28,6300,4103.28,Net Banking,Completed,4.6
ORD00607,2026-07-11,Hyderabad Banjara,Hyderabad,Telangana,South,Anjali Reddy,Beauty,Moisturizer,5,562.88,0,2814.4,1700,1114.4,Debit Card,Completed,3.5
ORD00608,2026-04-26,Jaipur Central,Jaipur,Rajasthan,West,Rajesh Sharma,Electronics,Smartphone,2,22621.92,20,-36195.07,32000,-68195.07,UPI,Returned,3.2
ORD00609,2026-05-02,Mumbai Andheri,Mumbai,Maharashtra,West,Neha Kapoor,Grocery,Biscuits Pack,1,96.1,0,96.1,72,24.1,Cash,Completed,4.3
ORD00610,2026-03-02,Delhi Connaught,Delhi,Delhi,North,Amit Verma,Beauty,Moisturizer,4,535.03,0,2140.12,1360,780.12,Debit Card,Completed,4.1
ORD00611,2026-08-26,Mumbai Andheri,Mumbai,Maharashtra,West,Neha Kapoor,Clothing,Sneakers,4,4400.16,10,0.0,10400,0.0,Cash,Cancelled,
ORD00612,2026-07-31,Delhi Connaught,Delhi,Delhi,North,Amit Verma,Home & Kitchen,Water Bottle,1,703.9,0,703.9,400,303.9,UPI,Completed,4.4
ORD00613,2026-07-20,Jaipur Central,Jaipur,Rajasthan,West,Rajesh Sharma,Grocery,Cooking Oil 1L,5,151.88,20,607.52,600,7.52,Debit Card,Completed,3.7
ORD00614,2026-01-14,Lucknow Hazratganj,Lucknow,Uttar Pradesh,North,Sanjay Singh,Electronics,Headphones,1,1806.72,0,1806.72,1100,706.72,Credit Card,Completed,4.0
ORD00615,2026-02-06,Lucknow Hazratganj,Lucknow,Uttar Pradesh,North,Sanjay Singh,Grocery,Biscuits Pack,3,96.97,10,261.82,216,45.82,Credit Card,Completed,3.1
ORD00616,2026-06-25,Bengaluru MG Road,Bengaluru,Karnataka,South,Vikram Rao,Home & Kitchen,Coffee Maker,3,5131.88,10,-13856.08,10800,-24656.08,Net Banking,Returned,3.8
ORD00617,2026-06-09,Delhi Connaught,Delhi,Delhi,North,Amit Verma,Grocery,Rice 5kg,2,636.1,0,1272.2,1020,252.2,Net Banking,Completed,4.9
ORD00618,2026-08-06,Lucknow Hazratganj,Lucknow,Uttar Pradesh,North,Sanjay Singh,Clothing,Jacket,4,3090.21,20,9888.67,7600,2288.67,UPI,Completed,4.4
ORD00619,2026-04-25,Mumbai Andheri,Mumbai,Maharashtra,West,Neha Kapoor,Beauty,Perfume,4,1726.48,0,6905.92,4200,2705.92,Debit Card,Completed,4.9
ORD00620,2026-07-09,Lucknow Hazratganj,Lucknow,Uttar Pradesh,North,Sanjay Singh,Electronics,Laptop,4,52322.65,10,188361.54,168000,20361.54,Debit Card,Completed,4.5
ORD00621,2026-06-03,Jaipur Central,Jaipur,Rajasthan,West,Rajesh Sharma,Beauty,Shampoo,2,442.73,5,-841.19,580,-1421.19,Cash,Returned,3.7
ORD00622,2026-08-08,Chennai T Nagar,Chennai,Tamil Nadu,South,Karthik Iyer,Clothing,Jacket,4,3239.54,10,11662.34,7600,4062.34,Cash,Completed,4.7
ORD00623,2026-01-17,Jaipur Central,Jaipur,Rajasthan,West,Rajesh Sharma,Beauty,Perfume,6,1773.58,5,10109.41,6300,3809.41,UPI,Completed,4.2
ORD00624,2026-07-28,Kolkata Park Street,Kolkata,West Bengal,East,Priya Sen,Clothing,T-Shirt,3,924.76,0,0.0,1500,0.0,Debit Card,Cancelled,
ORD00625,2026-05-26,Hyderabad Banjara,Hyderabad,Telangana,South,Anjali Reddy,Beauty,Perfume,5,1881.74,10,8467.83,5250,3217.83,Cash,Completed,4.2
ORD00626,2026-03-08,Bengaluru MG Road,Bengaluru,Karnataka,South,Vikram Rao,Clothing,Jeans,5,1802.31,5,8560.97,5250,3310.97,Credit Card,Completed,4.5
ORD00627,2026-01-02,Bengaluru MG Road,Bengaluru,Karnataka,South,Vikram Rao,Home & Kitchen,Mixer Grinder,2,3909.75,10,7037.55,5400,1637.55,Cash,Completed,4.3
ORD00628,2026-07-12,Bengaluru MG Road,Bengaluru,Karnataka,South,Vikram Rao,Beauty,Face Wash,6,347.5,15,-1772.25,1320,-3092.25,Cash,Returned,4.7
ORD00629,2026-02-13,Kolkata Park Street,Kolkata,West Bengal,East,Priya Sen,Electronics,Smartphone,1,22042.29,15,18735.95,16000,2735.95,UPI,Completed,3.2
ORD00630,2026-01-05,Delhi Connaught,Delhi,Delhi,North,Amit Verma,Home & Kitchen,Coffee Maker,4,5349.21,5,20327.0,14400,5927.0,Credit Card,Completed,4.6
ORD00631,2026-02-17,Delhi Connaught,Delhi,Delhi,North,Amit Verma,Clothing,Sneakers,4,4199.42,15,14278.03,10400,3878.03,Debit Card,Completed,3.2
ORD00632,2026-05-11,Jaipur Central,Jaipur,Rajasthan,West,Rajesh Sharma,Beauty,Shampoo,3,439.76,0,1319.28,870,449.28,Debit Card,Completed,4.5
ORD00633,2026-01-05,Delhi Connaught,Delhi,Delhi,North,Amit Verma,Grocery,Cooking Oil 1L,3,146.8,10,396.36,360,36.36,UPI,Completed,4.6
ORD00634,2026-06-27,Jaipur Central,Jaipur,Rajasthan,West,Rajesh Sharma,Beauty,Face Wash,4,337.71,0,1350.84,880,470.84,Debit Card,Completed,5.0
ORD00635,2026-07-17,Mumbai Andheri,Mumbai,Maharashtra,West,Neha Kapoor,Grocery,Rice 5kg,2,679.94,5,1291.89,1020,271.89,UPI,Completed,4.4
ORD00636,2026-02-17,Chennai T Nagar,Chennai,Tamil Nadu,South,Karthik Iyer,Home & Kitchen,Dinner Set,3,2420.29,10,6534.78,4650,1884.78,Cash,Completed,3.4
ORD00637,2026-08-23,Hyderabad Banjara,Hyderabad,Telangana,South,Anjali Reddy,Electronics,Headphones,4,1883.72,5,7158.14,4400,2758.14,Debit Card,Completed,3.1
ORD00638,2026-02-23,Jaipur Central,Jaipur,Rajasthan,West,Rajesh Sharma,Beauty,Moisturizer,2,569.0,0,1138.0,680,458.0,UPI,Completed,4.8
ORD00639,2026-03-20,Jaipur Central,Jaipur,Rajasthan,West,Rajesh Sharma,Home & Kitchen,Dinner Set,6,2335.66,15,11911.87,9300,2611.87,UPI,Completed,3.1
ORD00640,2026-08-01,Bengaluru MG Road,Bengaluru,Karnataka,South,Vikram Rao,Beauty,Moisturizer,6,529.93,10,-2861.62,2040,-4901.62,Net Banking,Returned,3.4
ORD00641,2026-04-05,Hyderabad Banjara,Hyderabad,Telangana,South,Anjali Reddy,Home & Kitchen,Dinner Set,2,2338.67,15,3975.74,3100,875.74,Cash,Completed,3.9
ORD00642,2026-04-18,Hyderabad Banjara,Hyderabad,Telangana,South,Anjali Reddy,Grocery,Biscuits Pack,6,95.22,15,485.62,432,53.62,Cash,Completed,3.2
ORD00643,2026-03-23,Jaipur Central,Jaipur,Rajasthan,West,Rajesh Sharma,Electronics,Smartphone,4,21182.2,10,76255.92,64000,12255.92,Debit Card,Completed,3.4
ORD00644,2026-07-20,Delhi Connaught,Delhi,Delhi,North,Amit Verma,Grocery,Rice 5kg,5,671.73,10,3022.79,2550,472.79,Credit Card,Completed,3.3
ORD00645,2026-07-17,Lucknow Hazratganj,Lucknow,Uttar Pradesh,North,Sanjay Singh,Beauty,Moisturizer,2,550.67,15,0.0,680,0.0,Credit Card,Cancelled,
ORD00646,2026-04-06,Delhi Connaught,Delhi,Delhi,North,Amit Verma,Beauty,Shampoo,5,457.15,0,2285.75,1450,835.75,Net Banking,Completed,4.5
ORD00647,2026-02-26,Bengaluru MG Road,Bengaluru,Karnataka,South,Vikram Rao,Clothing,Jeans,2,1860.64,0,3721.28,2100,1621.28,UPI,Completed,3.3
ORD00648,2026-05-20,Hyderabad Banjara,Hyderabad,Telangana,South,Anjali Reddy,Clothing,Jacket,4,3067.17,5,11655.25,7600,4055.25,Credit Card,Completed,4.2
ORD00649,2026-06-28,Delhi Connaught,Delhi,Delhi,North,Amit Verma,Home & Kitchen,Dinner Set,2,2340.03,15,3978.05,3100,878.05,UPI,Completed,3.3
ORD00650,2026-07-05,Bengaluru MG Road,Bengaluru,Karnataka,South,Vikram Rao,Home & Kitchen,Water Bottle,1,669.48,0,0.0,400,0.0,UPI,Cancelled,
ORD00651,2026-08-18,Jaipur Central,Jaipur,Rajasthan,West,Rajesh Sharma,Beauty,Face Wash,2,337.51,10,607.52,440,167.52,Cash,Completed,3.7
ORD00652,2026-04-04,Hyderabad Banjara,Hyderabad,Telangana,South,Anjali Reddy,Grocery,Rice 5kg,1,649.84,0,0.0,510,0.0,UPI,Cancelled,
ORD00653,2026-07-28,Jaipur Central,Jaipur,Rajasthan,West,Rajesh Sharma,Beauty,Face Wash,4,353.71,5,1344.1,880,464.1,UPI,Completed,3.9
ORD00654,2026-01-10,Lucknow Hazratganj,Lucknow,Uttar Pradesh,North,Sanjay Singh,Grocery,Rice 5kg,5,647.62,0,3238.1,2550,688.1,Debit Card,Completed,3.0
ORD00655,2026-08-19,Bengaluru MG Road,Bengaluru,Karnataka,South,Vikram Rao,Beauty,Face Wash,3,336.9,10,909.63,660,249.63,Credit Card,Completed,4.2
ORD00656,2026-07-11,Mumbai Andheri,Mumbai,Maharashtra,West,Neha Kapoor,Home & Kitchen,Coffee Maker,1,4954.13,10,4458.72,3600,858.72,Net Banking,Completed,3.3
ORD00657,2026-08-21,Jaipur Central,Jaipur,Rajasthan,West,Rajesh Sharma,Home & Kitchen,Dinner Set,6,2286.49,10,12347.05,9300,3047.05,UPI,Completed,4.8
ORD00658,2026-05-29,Lucknow Hazratganj,Lucknow,Uttar Pradesh,North,Sanjay Singh,Beauty,Shampoo,2,466.86,15,-793.66,580,-1373.66,Debit Card,Returned,4.7
ORD00659,2026-04-20,Bengaluru MG Road,Bengaluru,Karnataka,South,Vikram Rao,Grocery,Tea 500g,6,292.85,15,-1493.54,1260,-2753.54,UPI,Returned,4.6
ORD00660,2026-02-02,Delhi Connaught,Delhi,Delhi,North,Amit Verma,Home & Kitchen,Coffee Maker,4,5069.81,10,18251.32,14400,3851.32,Debit Card,Completed,3.6
ORD00661,2026-04-25,Kolkata Park Street,Kolkata,West Bengal,East,Priya Sen,Beauty,Moisturizer,1,573.58,0,-573.58,340,-913.58,Debit Card,Returned,4.2
ORD00662,2026-03-27,Bengaluru MG Road,Bengaluru,Karnataka,South,Vikram Rao,Clothing,Jeans,1,1766.98,5,1678.63,1050,628.63,UPI,Completed,4.3
ORD00663,2026-03-13,Chennai T Nagar,Chennai,Tamil Nadu,South,Karthik Iyer,Home & Kitchen,Dinner Set,3,2363.3,0,7089.9,4650,2439.9,Debit Card,Completed,4.5
ORD00664,2026-01-26,Mumbai Andheri,Mumbai,Maharashtra,West,Neha Kapoor,Electronics,Laptop,1,53048.14,10,47743.33,42000,5743.33,Debit Card,Completed,4.7
ORD00665,2026-02-01,Lucknow Hazratganj,Lucknow,Uttar Pradesh,North,Sanjay Singh,Home & Kitchen,Mixer Grinder,2,3891.06,0,-7782.12,5400,-13182.12,Net Banking,Returned,4.7
ORD00666,2026-07-26,Delhi Connaught,Delhi,Delhi,North,Amit Verma,Clothing,Jeans,3,1730.65,20,0.0,3150,0.0,Credit Card,Cancelled,
ORD00667,2026-06-30,Bengaluru MG Road,Bengaluru,Karnataka,South,Vikram Rao,Grocery,Biscuits Pack,1,98.84,20,79.07,72,7.07,Cash,Completed,4.2
ORD00668,2026-07-06,Bengaluru MG Road,Bengaluru,Karnataka,South,Vikram Rao,Clothing,Jacket,4,3149.92,0,-12599.68,7600,-20199.68,UPI,Returned,4.6
ORD00669,2026-08-23,Bengaluru MG Road,Bengaluru,Karnataka,South,Vikram Rao,Clothing,Jeans,1,1790.13,10,1611.12,1050,561.12,Net Banking,Completed,4.9
ORD00670,2026-02-22,Delhi Connaught,Delhi,Delhi,North,Amit Verma,Grocery,Tea 500g,3,287.9,5,820.51,630,190.51,Cash,Completed,3.9
ORD00671,2026-04-28,Lucknow Hazratganj,Lucknow,Uttar Pradesh,North,Sanjay Singh,Grocery,Biscuits Pack,1,101.61,10,91.45,72,19.45,Cash,Completed,4.5
ORD00672,2026-02-19,Jaipur Central,Jaipur,Rajasthan,West,Rajesh Sharma,Grocery,Biscuits Pack,5,100.41,5,0.0,360,0.0,Cash,Cancelled,
ORD00673,2026-07-25,Lucknow Hazratganj,Lucknow,Uttar Pradesh,North,Sanjay Singh,Home & Kitchen,Coffee Maker,4,5058.0,15,17197.2,14400,2797.2,Cash,Completed,4.7
ORD00674,2026-07-26,Jaipur Central,Jaipur,Rajasthan,West,Rajesh Sharma,Home & Kitchen,Water Bottle,1,686.1,20,548.88,400,148.88,UPI,Completed,4.6
ORD00675,2026-08-02,Bengaluru MG Road,Bengaluru,Karnataka,South,Vikram Rao,Grocery,Biscuits Pack,1,100.16,20,80.13,72,8.13,Credit Card,Completed,4.3
ORD00676,2026-04-17,Mumbai Andheri,Mumbai,Maharashtra,West,Neha Kapoor,Home & Kitchen,Dinner Set,6,2457.05,5,14005.18,9300,4705.18,Debit Card,Completed,3.9
ORD00677,2026-07-06,Chennai T Nagar,Chennai,Tamil Nadu,South,Karthik Iyer,Electronics,Laptop,3,57719.26,10,155842.0,126000,29842.0,Net Banking,Completed,3.7
ORD00678,2026-04-17,Kolkata Park Street,Kolkata,West Bengal,East,Priya Sen,Grocery,Biscuits Pack,5,101.14,5,480.41,360,120.41,Credit Card,Completed,4.9
ORD00679,2026-08-20,Chennai T Nagar,Chennai,Tamil Nadu,South,Karthik Iyer,Beauty,Face Wash,3,360.05,10,972.14,660,312.14,UPI,Completed,3.3
ORD00680,2026-07-18,Chennai T Nagar,Chennai,Tamil Nadu,South,Karthik Iyer,Clothing,T-Shirt,2,893.05,5,1696.79,1000,696.79,Debit Card,Completed,4.7
ORD00681,2026-06-26,Delhi Connaught,Delhi,Delhi,North,Amit Verma,Beauty,Moisturizer,4,542.27,5,2060.63,1360,700.63,Credit Card,Completed,4.9
ORD00682,2026-01-06,Kolkata Park Street,Kolkata,West Bengal,East,Priya Sen,Grocery,Biscuits Pack,2,102.04,15,173.47,144,29.47,UPI,Completed,4.1
ORD00683,2026-08-21,Kolkata Park Street,Kolkata,West Bengal,East,Priya Sen,Electronics,Smartwatch,2,4493.29,5,8537.25,5800,2737.25,Debit Card,Completed,3.9
ORD00684,2026-04-25,Hyderabad Banjara,Hyderabad,Telangana,South,Anjali Reddy,Electronics,Smartwatch,3,4444.06,15,11332.35,8700,2632.35,Cash,Completed,4.3
ORD00685,2026-08-02,Bengaluru MG Road,Bengaluru,Karnataka,South,Vikram Rao,Clothing,Sneakers,6,4274.82,0,25648.92,15600,10048.92,Cash,Completed,3.0
ORD00686,2026-06-17,Kolkata Park Street,Kolkata,West Bengal,East,Priya Sen,Home & Kitchen,Dinner Set,1,2302.16,20,1841.73,1550,291.73,Net Banking,Completed,3.2
ORD00687,2026-05-25,Lucknow Hazratganj,Lucknow,Uttar Pradesh,North,Sanjay Singh,Electronics,Smartphone,4,22246.08,0,88984.32,64000,24984.32,Credit Card,Completed,3.6
ORD00688,2026-06-19,Chennai T Nagar,Chennai,Tamil Nadu,South,Karthik Iyer,Electronics,Smartphone,4,22712.32,10,81764.35,64000,17764.35,UPI,Completed,5.0
ORD00689,2026-02-25,Chennai T Nagar,Chennai,Tamil Nadu,South,Karthik Iyer,Clothing,T-Shirt,5,902.56,15,3835.88,2500,1335.88,Net Banking,Completed,4.9
ORD00690,2026-06-07,Jaipur Central,Jaipur,Rajasthan,West,Rajesh Sharma,Home & Kitchen,Coffee Maker,3,5041.73,20,12100.15,10800,1300.15,Credit Card,Completed,4.9
ORD00691,2026-05-18,Bengaluru MG Road,Bengaluru,Karnataka,South,Vikram Rao,Grocery,Tea 500g,2,286.7,5,544.73,420,124.73,Cash,Completed,3.2
ORD00692,2026-04-22,Chennai T Nagar,Chennai,Tamil Nadu,South,Karthik Iyer,Home & Kitchen,Water Bottle,2,724.43,5,1376.42,800,576.42,Debit Card,Completed,3.9
ORD00693,2026-04-01,Mumbai Andheri,Mumbai,Maharashtra,West,Neha Kapoor,Grocery,Rice 5kg,1,659.58,10,593.62,510,83.62,Net Banking,Completed,3.7
ORD00694,2026-04-27,Kolkata Park Street,Kolkata,West Bengal,East,Priya Sen,Beauty,Moisturizer,2,535.18,0,-1070.36,680,-1750.36,Cash,Returned,3.1
ORD00695,2026-07-30,Kolkata Park Street,Kolkata,West Bengal,East,Priya Sen,Clothing,Jeans,3,1738.08,10,0.0,3150,0.0,Net Banking,Cancelled,
ORD00696,2026-08-21,Chennai T Nagar,Chennai,Tamil Nadu,South,Karthik Iyer,Clothing,Sneakers,6,4181.82,10,0.0,15600,0.0,UPI,Cancelled,
ORD00697,2026-04-25,Delhi Connaught,Delhi,Delhi,North,Amit Verma,Beauty,Face Wash,6,333.52,0,2001.12,1320,681.12,Debit Card,Completed,3.1
ORD00698,2026-03-05,Kolkata Park Street,Kolkata,West Bengal,East,Priya Sen,Beauty,Shampoo,3,438.41,10,1183.71,870,313.71,Credit Card,Completed,3.8
ORD00699,2026-08-11,Kolkata Park Street,Kolkata,West Bengal,East,Priya Sen,Beauty,Moisturizer,2,550.3,20,880.48,680,200.48,Credit Card,Completed,3.7
ORD00700,2026-04-05,Delhi Connaught,Delhi,Delhi,North,Amit Verma,Electronics,Laptop,6,55231.64,15,281681.36,252000,29681.36,Debit Card,Completed,4.3
ORD00701,2026-07-28,Lucknow Hazratganj,Lucknow,Uttar Pradesh,North,Sanjay Singh,Clothing,Jacket,2,3204.62,10,5768.32,3800,1968.32,UPI,Completed,3.0
ORD00702,2026-06-14,Lucknow Hazratganj,Lucknow,Uttar Pradesh,North,Sanjay Singh,Clothing,Sneakers,5,4041.3,10,-18185.85,13000,-31185.85,Cash,Returned,3.2
ORD00703,2026-03-21,Hyderabad Banjara,Hyderabad,Telangana,South,Anjali Reddy,Home & Kitchen,Mixer Grinder,5,3900.11,5,18525.52,13500,5025.52,Debit Card,Completed,4.9
ORD00704,2026-03-27,Chennai T Nagar,Chennai,Tamil Nadu,South,Karthik Iyer,Grocery,Biscuits Pack,5,102.41,10,460.84,360,100.84,Credit Card,Completed,4.4
ORD00705,2026-02-22,Delhi Connaught,Delhi,Delhi,North,Amit Verma,Home & Kitchen,Dinner Set,3,2298.57,0,6895.71,4650,2245.71,Cash,Completed,3.4
ORD00706,2026-02-07,Kolkata Park Street,Kolkata,West Bengal,East,Priya Sen,Beauty,Moisturizer,5,533.71,0,2668.55,1700,968.55,UPI,Completed,4.3
ORD00707,2026-06-24,Hyderabad Banjara,Hyderabad,Telangana,South,Anjali Reddy,Electronics,Smartwatch,6,4400.97,5,25085.53,17400,7685.53,Credit Card,Completed,3.8
ORD00708,2026-05-11,Chennai T Nagar,Chennai,Tamil Nadu,South,Karthik Iyer,Electronics,Smartwatch,2,4660.41,10,-8388.74,5800,-14188.74,Cash,Returned,3.7
ORD00709,2026-04-13,Hyderabad Banjara,Hyderabad,Telangana,South,Anjali Reddy,Grocery,Cooking Oil 1L,1,149.6,5,142.12,120,22.12,UPI,Completed,4.7
ORD00710,2026-07-09,Bengaluru MG Road,Bengaluru,Karnataka,South,Vikram Rao,Beauty,Perfume,2,1751.74,5,3328.31,2100,1228.31,Net Banking,Completed,3.3
ORD00711,2026-01-16,Mumbai Andheri,Mumbai,Maharashtra,West,Neha Kapoor,Beauty,Shampoo,1,462.71,0,462.71,290,172.71,Net Banking,Completed,3.4
ORD00712,2026-06-17,Mumbai Andheri,Mumbai,Maharashtra,West,Neha Kapoor,Clothing,Jeans,4,1752.74,20,5608.77,4200,1408.77,Debit Card,Completed,3.3
ORD00713,2026-08-05,Delhi Connaught,Delhi,Delhi,North,Amit Verma,Beauty,Moisturizer,2,571.53,5,1085.91,680,405.91,Credit Card,Completed,3.5
ORD00714,2026-05-13,Mumbai Andheri,Mumbai,Maharashtra,West,Neha Kapoor,Clothing,Sneakers,1,4140.73,0,4140.73,2600,1540.73,Debit Card,Completed,3.4
ORD00715,2026-01-16,Kolkata Park Street,Kolkata,West Bengal,East,Priya Sen,Beauty,Perfume,2,1876.97,5,0.0,2100,0.0,Cash,Cancelled,
ORD00716,2026-08-02,Jaipur Central,Jaipur,Rajasthan,West,Rajesh Sharma,Home & Kitchen,Coffee Maker,4,5154.63,0,20618.52,14400,6218.52,Net Banking,Completed,3.7
ORD00717,2026-04-19,Hyderabad Banjara,Hyderabad,Telangana,South,Anjali Reddy,Beauty,Face Wash,3,363.37,0,0.0,660,0.0,Credit Card,Cancelled,
ORD00718,2026-07-16,Delhi Connaught,Delhi,Delhi,North,Amit Verma,Beauty,Moisturizer,1,555.43,20,444.34,340,104.34,Debit Card,Completed,4.2
ORD00719,2026-01-25,Jaipur Central,Jaipur,Rajasthan,West,Rajesh Sharma,Beauty,Perfume,5,1803.67,10,0.0,5250,0.0,Net Banking,Cancelled,
ORD00720,2026-06-04,Kolkata Park Street,Kolkata,West Bengal,East,Priya Sen,Electronics,Laptop,1,55317.29,10,49785.56,42000,7785.56,Credit Card,Completed,3.9
ORD00721,2026-04-28,Mumbai Andheri,Mumbai,Maharashtra,West,Neha Kapoor,Home & Kitchen,Dinner Set,5,2474.3,10,11134.35,7750,3384.35,Cash,Completed,4.8
ORD00722,2026-08-08,Delhi Connaught,Delhi,Delhi,North,Amit Verma,Electronics,Smartphone,3,22107.21,10,59689.47,48000,11689.47,Debit Card,Completed,4.8
ORD00723,2026-02-22,Mumbai Andheri,Mumbai,Maharashtra,West,Neha Kapoor,Home & Kitchen,Coffee Maker,6,5133.08,10,27718.63,21600,6118.63,Debit Card,Completed,4.1
ORD00724,2026-03-31,Kolkata Park Street,Kolkata,West Bengal,East,Priya Sen,Grocery,Tea 500g,4,284.1,20,909.12,840,69.12,Debit Card,Completed,4.7
ORD00725,2026-07-11,Hyderabad Banjara,Hyderabad,Telangana,South,Anjali Reddy,Beauty,Moisturizer,2,539.14,20,862.62,680,182.62,Net Banking,Completed,4.4
ORD00726,2026-08-22,Chennai T Nagar,Chennai,Tamil Nadu,South,Karthik Iyer,Electronics,Smartwatch,6,4311.3,20,20694.24,17400,3294.24,Debit Card,Completed,3.8
ORD00727,2026-02-11,Jaipur Central,Jaipur,Rajasthan,West,Rajesh Sharma,Grocery,Rice 5kg,4,626.2,0,2504.8,2040,464.8,Credit Card,Completed,4.3
ORD00728,2026-03-09,Kolkata Park Street,Kolkata,West Bengal,East,Priya Sen,Clothing,Sneakers,5,4134.87,0,20674.35,13000,7674.35,Cash,Completed,4.4
ORD00729,2026-06-02,Chennai T Nagar,Chennai,Tamil Nadu,South,Karthik Iyer,Electronics,Smartwatch,2,4708.63,10,8475.53,5800,2675.53,UPI,Completed,4.3
ORD00730,2026-02-17,Lucknow Hazratganj,Lucknow,Uttar Pradesh,North,Sanjay Singh,Grocery,Rice 5kg,5,624.42,5,2965.99,2550,415.99,Cash,Completed,4.5
ORD00731,2026-05-05,Hyderabad Banjara,Hyderabad,Telangana,South,Anjali Reddy,Home & Kitchen,Coffee Maker,5,5355.89,0,26779.45,18000,8779.45,Net Banking,Completed,5.0
ORD00732,2026-01-10,Chennai T Nagar,Chennai,Tamil Nadu,South,Karthik Iyer,Grocery,Cooking Oil 1L,5,155.92,0,779.6,600,179.6,Debit Card,Completed,3.7
ORD00733,2026-03-02,Mumbai Andheri,Mumbai,Maharashtra,West,Neha Kapoor,Home & Kitchen,Coffee Maker,4,5185.25,5,19703.95,14400,5303.95,Credit Card,Completed,4.4
ORD00734,2026-01-17,Delhi Connaught,Delhi,Delhi,North,Amit Verma,Electronics,Smartwatch,1,4530.69,5,4304.16,2900,1404.16,UPI,Completed,3.8
ORD00735,2026-05-08,Delhi Connaught,Delhi,Delhi,North,Amit Verma,Electronics,Headphones,5,1751.45,10,7881.53,5500,2381.53,Net Banking,Completed,4.9
ORD00736,2026-01-15,Bengaluru MG Road,Bengaluru,Karnataka,South,Vikram Rao,Grocery,Rice 5kg,2,669.46,15,1138.08,1020,118.08,Net Banking,Completed,3.9
ORD00737,2026-03-14,Mumbai Andheri,Mumbai,Maharashtra,West,Neha Kapoor,Beauty,Perfume,5,1722.32,20,6889.28,5250,1639.28,UPI,Completed,4.9
ORD00738,2026-03-14,Hyderabad Banjara,Hyderabad,Telangana,South,Anjali Reddy,Clothing,Jeans,2,1719.36,10,3094.85,2100,994.85,Debit Card,Completed,4.4
ORD00739,2026-04-17,Mumbai Andheri,Mumbai,Maharashtra,West,Neha Kapoor,Clothing,T-Shirt,3,870.65,15,2220.16,1500,720.16,Cash,Completed,3.7
ORD00740,2026-07-29,Hyderabad Banjara,Hyderabad,Telangana,South,Anjali Reddy,Electronics,Smartwatch,4,4609.93,15,15673.76,11600,4073.76,Debit Card,Completed,4.7
ORD00741,2026-03-07,Lucknow Hazratganj,Lucknow,Uttar Pradesh,North,Sanjay Singh,Electronics,Smartwatch,1,4692.68,10,4223.41,2900,1323.41,UPI,Completed,4.9
ORD00742,2026-01-26,Delhi Connaught,Delhi,Delhi,North,Amit Verma,Home & Kitchen,Coffee Maker,5,5308.69,5,25216.28,18000,7216.28,Cash,Completed,4.5
ORD00743,2026-02-10,Hyderabad Banjara,Hyderabad,Telangana,South,Anjali Reddy,Electronics,Headphones,3,1825.02,10,4927.55,3300,1627.55,Debit Card,Completed,3.2
ORD00744,2026-06-03,Lucknow Hazratganj,Lucknow,Uttar Pradesh,North,Sanjay Singh,Clothing,Jeans,2,1770.39,15,3009.66,2100,909.66,UPI,Completed,4.5
ORD00745,2026-03-28,Chennai T Nagar,Chennai,Tamil Nadu,South,Karthik Iyer,Electronics,Smartwatch,6,4338.95,0,26033.7,17400,8633.7,Cash,Completed,4.9
ORD00746,2026-07-15,Bengaluru MG Road,Bengaluru,Karnataka,South,Vikram Rao,Home & Kitchen,Coffee Maker,1,5269.73,15,0.0,3600,0.0,UPI,Cancelled,
ORD00747,2026-08-04,Delhi Connaught,Delhi,Delhi,North,Amit Verma,Clothing,T-Shirt,5,903.74,10,4066.83,2500,1566.83,UPI,Completed,4.8
ORD00748,2026-02-27,Kolkata Park Street,Kolkata,West Bengal,East,Priya Sen,Grocery,Biscuits Pack,6,95.94,10,518.08,432,86.08,Cash,Completed,3.5
ORD00749,2026-04-09,Bengaluru MG Road,Bengaluru,Karnataka,South,Vikram Rao,Electronics,Headphones,2,1877.76,5,3567.74,2200,1367.74,Debit Card,Completed,3.5
ORD00750,2026-04-07,Kolkata Park Street,Kolkata,West Bengal,East,Priya Sen,Electronics,Smartwatch,1,4279.71,10,3851.74,2900,951.74,UPI,Completed,4.8
ORD00751,2026-02-02,Chennai T Nagar,Chennai,Tamil Nadu,South,Karthik Iyer,Beauty,Moisturizer,4,550.74,20,1762.37,1360,402.37,Cash,Completed,4.8
ORD00752,2026-05-24,Delhi Connaught,Delhi,Delhi,North,Amit Verma,Electronics,Smartphone,1,22298.61,15,0.0,16000,0.0,UPI,Cancelled,
ORD00753,2026-06-18,Jaipur Central,Jaipur,Rajasthan,West,Rajesh Sharma,Home & Kitchen,Mixer Grinder,6,3635.16,5,20720.41,16200,4520.41,Net Banking,Completed,4.8
ORD00754,2026-04-09,Lucknow Hazratganj,Lucknow,Uttar Pradesh,North,Sanjay Singh,Electronics,Smartphone,4,20996.14,10,75586.1,64000,11586.1,Credit Card,Completed,3.4
ORD00755,2026-07-26,Kolkata Park Street,Kolkata,West Bengal,East,Priya Sen,Beauty,Perfume,5,1746.32,15,7421.86,5250,2171.86,UPI,Completed,3.7
ORD00756,2026-02-01,Delhi Connaught,Delhi,Delhi,North,Amit Verma,Grocery,Tea 500g,4,280.51,15,0.0,840,0.0,Cash,Cancelled,
ORD00757,2026-08-21,Bengaluru MG Road,Bengaluru,Karnataka,South,Vikram Rao,Clothing,Jeans,1,1832.86,10,1649.57,1050,599.57,Debit Card,Completed,4.9
ORD00758,2026-01-12,Lucknow Hazratganj,Lucknow,Uttar Pradesh,North,Sanjay Singh,Clothing,Sneakers,5,4283.29,5,20345.63,13000,7345.63,UPI,Completed,3.9
ORD00759,2026-03-21,Jaipur Central,Jaipur,Rajasthan,West,Rajesh Sharma,Clothing,Jacket,6,3226.57,0,19359.42,11400,7959.42,Net Banking,Completed,4.7
ORD00760,2026-04-22,Chennai T Nagar,Chennai,Tamil Nadu,South,Karthik Iyer,Clothing,Sneakers,2,4235.27,10,7623.49,5200,2423.49,Credit Card,Completed,4.3
ORD00761,2026-08-17,Jaipur Central,Jaipur,Rajasthan,West,Rajesh Sharma,Beauty,Shampoo,3,437.15,10,1180.3,870,310.3,UPI,Completed,3.3
ORD00762,2026-04-08,Mumbai Andheri,Mumbai,Maharashtra,West,Neha Kapoor,Electronics,Smartphone,2,21331.54,15,-36263.62,32000,-68263.62,UPI,Returned,3.2
ORD00763,2026-01-08,Chennai T Nagar,Chennai,Tamil Nadu,South,Karthik Iyer,Electronics,Laptop,5,53150.26,10,239176.17,210000,29176.17,Debit Card,Completed,3.2
ORD00764,2026-07-24,Hyderabad Banjara,Hyderabad,Telangana,South,Anjali Reddy,Home & Kitchen,Water Bottle,6,682.16,15,3479.02,2400,1079.02,Cash,Completed,4.5
ORD00765,2026-03-18,Kolkata Park Street,Kolkata,West Bengal,East,Priya Sen,Electronics,Headphones,4,1715.1,5,6517.38,4400,2117.38,Credit Card,Completed,3.6
ORD00766,2026-05-13,Chennai T Nagar,Chennai,Tamil Nadu,South,Karthik Iyer,Clothing,Jacket,6,3098.47,10,16731.74,11400,5331.74,Net Banking,Completed,3.4
ORD00767,2026-01-14,Bengaluru MG Road,Bengaluru,Karnataka,South,Vikram Rao,Clothing,Jeans,6,1841.06,15,9389.41,6300,3089.41,Net Banking,Completed,3.2
ORD00768,2026-03-18,Chennai T Nagar,Chennai,Tamil Nadu,South,Karthik Iyer,Beauty,Shampoo,6,455.15,15,2321.26,1740,581.26,Debit Card,Completed,3.1
ORD00769,2026-04-07,Chennai T Nagar,Chennai,Tamil Nadu,South,Karthik Iyer,Electronics,Laptop,4,54539.65,20,174526.88,168000,6526.88,Debit Card,Completed,4.1
ORD00770,2026-05-19,Kolkata Park Street,Kolkata,West Bengal,East,Priya Sen,Grocery,Tea 500g,3,285.9,10,-771.93,630,-1401.93,Cash,Returned,3.7
ORD00771,2026-02-23,Kolkata Park Street,Kolkata,West Bengal,East,Priya Sen,Home & Kitchen,Dinner Set,4,2426.27,5,9219.83,6200,3019.83,Debit Card,Completed,4.4
ORD00772,2026-02-07,Jaipur Central,Jaipur,Rajasthan,West,Rajesh Sharma,Clothing,Sneakers,1,4345.4,10,3910.86,2600,1310.86,UPI,Completed,4.0
ORD00773,2026-04-04,Mumbai Andheri,Mumbai,Maharashtra,West,Neha Kapoor,Grocery,Cooking Oil 1L,1,147.02,0,0.0,120,0.0,Debit Card,Cancelled,
ORD00774,2026-02-12,Chennai T Nagar,Chennai,Tamil Nadu,South,Karthik Iyer,Clothing,T-Shirt,1,912.98,10,821.68,500,321.68,UPI,Completed,5.0
ORD00775,2026-07-09,Hyderabad Banjara,Hyderabad,Telangana,South,Anjali Reddy,Grocery,Cooking Oil 1L,3,146.04,15,372.4,360,12.4,Cash,Completed,3.3
ORD00776,2026-03-23,Chennai T Nagar,Chennai,Tamil Nadu,South,Karthik Iyer,Clothing,T-Shirt,3,857.9,0,2573.7,1500,1073.7,UPI,Completed,4.4
ORD00777,2026-04-10,Delhi Connaught,Delhi,Delhi,North,Amit Verma,Home & Kitchen,Mixer Grinder,6,3666.07,5,20896.6,16200,4696.6,Debit Card,Completed,3.3
ORD00778,2026-04-04,Mumbai Andheri,Mumbai,Maharashtra,West,Neha Kapoor,Beauty,Moisturizer,4,572.85,10,2062.26,1360,702.26,Credit Card,Completed,3.9
ORD00779,2026-07-22,Mumbai Andheri,Mumbai,Maharashtra,West,Neha Kapoor,Electronics,Headphones,4,1747.99,10,-6292.76,4400,-10692.76,Debit Card,Returned,3.4
ORD00780,2026-01-07,Chennai T Nagar,Chennai,Tamil Nadu,South,Karthik Iyer,Grocery,Tea 500g,1,281.05,5,267.0,210,57.0,UPI,Completed,3.8
ORD00781,2026-02-11,Bengaluru MG Road,Bengaluru,Karnataka,South,Vikram Rao,Electronics,Smartwatch,5,4481.77,5,21288.41,14500,6788.41,Credit Card,Completed,3.8
ORD00782,2026-08-24,Kolkata Park Street,Kolkata,West Bengal,East,Priya Sen,Clothing,Sneakers,5,4264.26,5,20255.24,13000,7255.24,Cash,Completed,3.3
ORD00783,2026-03-05,Chennai T Nagar,Chennai,Tamil Nadu,South,Karthik Iyer,Clothing,T-Shirt,1,889.66,5,-845.18,500,-1345.18,Net Banking,Returned,4.2
ORD00784,2026-08-10,Hyderabad Banjara,Hyderabad,Telangana,South,Anjali Reddy,Home & Kitchen,Dinner Set,5,2461.46,5,11691.93,7750,3941.93,Cash,Completed,4.4
ORD00785,2026-05-18,Lucknow Hazratganj,Lucknow,Uttar Pradesh,North,Sanjay Singh,Beauty,Perfume,1,1866.69,10,0.0,1050,0.0,Cash,Cancelled,
ORD00786,2026-04-03,Jaipur Central,Jaipur,Rajasthan,West,Rajesh Sharma,Electronics,Headphones,4,1710.83,20,5474.66,4400,1074.66,Credit Card,Completed,3.0
ORD00787,2026-05-18,Mumbai Andheri,Mumbai,Maharashtra,West,Neha Kapoor,Electronics,Smartphone,4,21118.79,10,76027.64,64000,12027.64,UPI,Completed,3.1
ORD00788,2026-02-07,Jaipur Central,Jaipur,Rajasthan,West,Rajesh Sharma,Electronics,Laptop,4,57330.87,5,-217857.31,168000,-385857.31,Credit Card,Returned,3.7
ORD00789,2026-07-12,Mumbai Andheri,Mumbai,Maharashtra,West,Neha Kapoor,Clothing,Sneakers,1,4402.24,15,3741.9,2600,1141.9,Credit Card,Completed,4.1
ORD00790,2026-07-03,Delhi Connaught,Delhi,Delhi,North,Amit Verma,Clothing,Jeans,2,1849.8,5,0.0,2100,0.0,Net Banking,Cancelled,
ORD00791,2026-03-17,Lucknow Hazratganj,Lucknow,Uttar Pradesh,North,Sanjay Singh,Beauty,Face Wash,3,332.96,10,898.99,660,238.99,Debit Card,Completed,4.2
ORD00792,2026-02-05,Mumbai Andheri,Mumbai,Maharashtra,West,Neha Kapoor,Grocery,Biscuits Pack,4,100.17,0,400.68,288,112.68,Net Banking,Completed,3.4
ORD00793,2026-03-07,Chennai T Nagar,Chennai,Tamil Nadu,South,Karthik Iyer,Electronics,Headphones,3,1772.53,5,5051.71,3300,1751.71,Debit Card,Completed,3.8
ORD00794,2026-05-22,Kolkata Park Street,Kolkata,West Bengal,East,Priya Sen,Electronics,Laptop,3,54169.2,10,-146256.84,126000,-272256.84,Net Banking,Returned,4.4
ORD00795,2026-03-29,Bengaluru MG Road,Bengaluru,Karnataka,South,Vikram Rao,Home & Kitchen,Mixer Grinder,3,3906.22,20,9374.93,8100,1274.93,Debit Card,Completed,4.8
ORD00796,2026-07-19,Delhi Connaught,Delhi,Delhi,North,Amit Verma,Home & Kitchen,Coffee Maker,5,5110.6,5,24275.35,18000,6275.35,Cash,Completed,4.1
ORD00797,2026-05-08,Lucknow Hazratganj,Lucknow,Uttar Pradesh,North,Sanjay Singh,Grocery,Cooking Oil 1L,1,146.2,20,116.96,120,-3.04,Credit Card,Completed,3.9
ORD00798,2026-03-31,Hyderabad Banjara,Hyderabad,Telangana,South,Anjali Reddy,Beauty,Shampoo,6,446.98,0,2681.88,1740,941.88,Cash,Completed,4.4
ORD00799,2026-07-09,Kolkata Park Street,Kolkata,West Bengal,East,Priya Sen,Electronics,Smartwatch,1,4513.09,0,4513.09,2900,1613.09,Cash,Completed,4.7
ORD00800,2026-02-12,Bengaluru MG Road,Bengaluru,Karnataka,South,Vikram Rao,Clothing,T-Shirt,4,868.58,20,0.0,2000,0.0,Net Banking,Cancelled,
ORD00801,2026-06-23,Kolkata Park Street,Kolkata,West Bengal,East,Priya Sen,Beauty,Moisturizer,3,552.57,10,0.0,1020,0.0,Cash,Cancelled,
ORD00802,2026-01-18,Mumbai Andheri,Mumbai,Maharashtra,West,Neha Kapoor,Electronics,Smartphone,3,22287.03,5,63518.04,48000,15518.04,Net Banking,Completed,3.8
ORD00803,2026-03-08,Kolkata Park Street,Kolkata,West Bengal,East,Priya Sen,Grocery,Tea 500g,6,266.96,5,1521.67,1260,261.67,Net Banking,Completed,3.7
ORD00804,2026-06-01,Chennai T Nagar,Chennai,Tamil Nadu,South,Karthik Iyer,Grocery,Cooking Oil 1L,3,152.09,20,365.02,360,5.02,Credit Card,Completed,4.5
ORD00805,2026-06-26,Jaipur Central,Jaipur,Rajasthan,West,Rajesh Sharma,Clothing,T-Shirt,5,868.68,20,3474.72,2500,974.72,Cash,Completed,3.6
ORD00806,2026-03-27,Delhi Connaught,Delhi,Delhi,North,Amit Verma,Beauty,Perfume,3,1862.36,10,5028.37,3150,1878.37,Debit Card,Completed,4.8
ORD00807,2026-06-03,Jaipur Central,Jaipur,Rajasthan,West,Rajesh Sharma,Clothing,Sneakers,6,4036.55,5,-23008.34,15600,-38608.34,Debit Card,Returned,4.7
ORD00808,2026-07-28,Hyderabad Banjara,Hyderabad,Telangana,South,Anjali Reddy,Beauty,Perfume,6,1717.06,5,9787.24,6300,3487.24,Credit Card,Completed,4.6
ORD00809,2026-04-14,Lucknow Hazratganj,Lucknow,Uttar Pradesh,North,Sanjay Singh,Home & Kitchen,Coffee Maker,5,5303.23,5,25190.34,18000,7190.34,Net Banking,Completed,3.9
ORD00810,2026-02-27,Hyderabad Banjara,Hyderabad,Telangana,South,Anjali Reddy,Beauty,Moisturizer,3,545.15,20,1308.36,1020,288.36,Credit Card,Completed,4.9
ORD00811,2026-03-15,Bengaluru MG Road,Bengaluru,Karnataka,South,Vikram Rao,Clothing,Jeans,4,1742.15,0,6968.6,4200,2768.6,Debit Card,Completed,4.4
ORD00812,2026-02-28,Jaipur Central,Jaipur,Rajasthan,West,Rajesh Sharma,Clothing,Sneakers,2,4053.27,10,7295.89,5200,2095.89,Credit Card,Completed,4.8
ORD00813,2026-07-14,Jaipur Central,Jaipur,Rajasthan,West,Rajesh Sharma,Electronics,Smartwatch,3,4402.82,10,11887.61,8700,3187.61,Debit Card,Completed,4.9
ORD00814,2026-01-11,Jaipur Central,Jaipur,Rajasthan,West,Rajesh Sharma,Clothing,Jeans,6,1763.62,20,8465.38,6300,2165.38,Credit Card,Completed,4.0
ORD00815,2026-06-28,Lucknow Hazratganj,Lucknow,Uttar Pradesh,North,Sanjay Singh,Beauty,Shampoo,4,469.7,10,1690.92,1160,530.92,Debit Card,Completed,4.3
ORD00816,2026-02-08,Hyderabad Banjara,Hyderabad,Telangana,South,Anjali Reddy,Beauty,Perfume,5,1711.45,5,8129.39,5250,2879.39,UPI,Completed,4.1
ORD00817,2026-01-25,Kolkata Park Street,Kolkata,West Bengal,East,Priya Sen,Electronics,Smartphone,3,21138.85,10,57074.89,48000,9074.89,Net Banking,Completed,4.3
ORD00818,2026-01-21,Delhi Connaught,Delhi,Delhi,North,Amit Verma,Home & Kitchen,Coffee Maker,6,5248.44,5,29916.11,21600,8316.11,Net Banking,Completed,4.8
ORD00819,2026-03-15,Lucknow Hazratganj,Lucknow,Uttar Pradesh,North,Sanjay Singh,Electronics,Laptop,3,56938.14,5,162273.7,126000,36273.7,UPI,Completed,3.5
ORD00820,2026-01-30,Delhi Connaught,Delhi,Delhi,North,Amit Verma,Home & Kitchen,Mixer Grinder,5,3727.05,20,14908.2,13500,1408.2,Debit Card,Completed,4.4
ORD00821,2026-02-25,Jaipur Central,Jaipur,Rajasthan,West,Rajesh Sharma,Grocery,Tea 500g,3,280.01,0,840.03,630,210.03,UPI,Completed,4.3
ORD00822,2026-03-15,Jaipur Central,Jaipur,Rajasthan,West,Rajesh Sharma,Clothing,Jacket,6,3086.7,10,16668.18,11400,5268.18,Debit Card,Completed,4.4
ORD00823,2026-04-25,Mumbai Andheri,Mumbai,Maharashtra,West,Neha Kapoor,Electronics,Laptop,5,55873.41,15,0.0,210000,0.0,Cash,Cancelled,
ORD00824,2026-03-10,Hyderabad Banjara,Hyderabad,Telangana,South,Anjali Reddy,Home & Kitchen,Coffee Maker,6,4963.7,0,29782.2,21600,8182.2,Credit Card,Completed,3.1
ORD00825,2026-06-18,Bengaluru MG Road,Bengaluru,Karnataka,South,Vikram Rao,Grocery,Biscuits Pack,6,96.78,10,522.61,432,90.61,Credit Card,Completed,3.1
ORD00826,2026-07-29,Delhi Connaught,Delhi,Delhi,North,Amit Verma,Home & Kitchen,Dinner Set,6,2386.18,0,14317.08,9300,5017.08,Cash,Completed,3.5
ORD00827,2026-01-06,Mumbai Andheri,Mumbai,Maharashtra,West,Neha Kapoor,Home & Kitchen,Mixer Grinder,3,3750.54,10,10126.46,8100,2026.46,Cash,Completed,5.0
ORD00828,2026-01-02,Hyderabad Banjara,Hyderabad,Telangana,South,Anjali Reddy,Home & Kitchen,Mixer Grinder,5,3863.37,5,18351.01,13500,4851.01,Debit Card,Completed,3.3
ORD00829,2026-01-14,Lucknow Hazratganj,Lucknow,Uttar Pradesh,North,Sanjay Singh,Grocery,Cooking Oil 1L,2,150.61,15,256.04,240,16.04,Cash,Completed,4.8
ORD00830,2026-05-24,Kolkata Park Street,Kolkata,West Bengal,East,Priya Sen,Grocery,Cooking Oil 1L,4,144.94,5,550.77,480,70.77,Credit Card,Completed,4.9
ORD00831,2026-06-25,Lucknow Hazratganj,Lucknow,Uttar Pradesh,North,Sanjay Singh,Beauty,Moisturizer,5,560.75,0,2803.75,1700,1103.75,Debit Card,Completed,3.5
ORD00832,2026-03-18,Hyderabad Banjara,Hyderabad,Telangana,South,Anjali Reddy,Electronics,Smartphone,1,21266.66,5,20203.33,16000,4203.33,Net Banking,Completed,4.3
ORD00833,2026-06-15,Jaipur Central,Jaipur,Rajasthan,West,Rajesh Sharma,Home & Kitchen,Mixer Grinder,3,3899.52,10,10528.7,8100,2428.7,Net Banking,Completed,3.9
ORD00834,2026-03-16,Hyderabad Banjara,Hyderabad,Telangana,South,Anjali Reddy,Grocery,Cooking Oil 1L,6,146.75,5,836.47,720,116.47,Cash,Completed,3.7
ORD00835,2026-04-26,Delhi Connaught,Delhi,Delhi,North,Amit Verma,Beauty,Face Wash,6,364.0,5,2074.8,1320,754.8,Cash,Completed,4.5
ORD00836,2026-07-19,Mumbai Andheri,Mumbai,Maharashtra,West,Neha Kapoor,Electronics,Laptop,4,53775.0,20,172080.0,168000,4080.0,Debit Card,Completed,3.3
ORD00837,2026-05-11,Delhi Connaught,Delhi,Delhi,North,Amit Verma,Electronics,Smartwatch,4,4303.71,5,16354.1,11600,4754.1,UPI,Completed,3.8
ORD00838,2026-01-18,Mumbai Andheri,Mumbai,Maharashtra,West,Neha Kapoor,Clothing,Jeans,6,1739.53,15,8871.6,6300,2571.6,UPI,Completed,3.3
ORD00839,2026-06-21,Chennai T Nagar,Chennai,Tamil Nadu,South,Karthik Iyer,Grocery,Cooking Oil 1L,3,150.49,20,361.18,360,1.18,Net Banking,Completed,3.8
ORD00840,2026-08-08,Mumbai Andheri,Mumbai,Maharashtra,West,Neha Kapoor,Beauty,Perfume,3,1752.96,15,4470.05,3150,1320.05,Cash,Completed,3.9
ORD00841,2026-05-12,Delhi Connaught,Delhi,Delhi,North,Amit Verma,Electronics,Smartphone,3,22771.22,5,64897.98,48000,16897.98,Net Banking,Completed,4.3
ORD00842,2026-05-03,Kolkata Park Street,Kolkata,West Bengal,East,Priya Sen,Clothing,Sneakers,5,4341.93,5,20624.17,13000,7624.17,Credit Card,Completed,3.6
ORD00843,2026-04-20,Hyderabad Banjara,Hyderabad,Telangana,South,Anjali Reddy,Electronics,Headphones,2,1808.9,10,3256.02,2200,1056.02,Credit Card,Completed,4.2
ORD00844,2026-03-30,Hyderabad Banjara,Hyderabad,Telangana,South,Anjali Reddy,Grocery,Tea 500g,5,266.93,0,1334.65,1050,284.65,Cash,Completed,4.8
ORD00845,2026-06-16,Jaipur Central,Jaipur,Rajasthan,West,Rajesh Sharma,Clothing,Jacket,5,3315.67,15,14091.6,9500,4591.6,Credit Card,Completed,4.0
ORD00846,2026-01-23,Kolkata Park Street,Kolkata,West Bengal,East,Priya Sen,Beauty,Perfume,5,1717.65,10,7729.43,5250,2479.43,UPI,Completed,4.9
ORD00847,2026-05-01,Kolkata Park Street,Kolkata,West Bengal,East,Priya Sen,Electronics,Smartphone,5,21847.27,20,87389.08,80000,7389.08,Cash,Completed,4.6
ORD00848,2026-01-07,Chennai T Nagar,Chennai,Tamil Nadu,South,Karthik Iyer,Grocery,Cooking Oil 1L,5,153.35,0,766.75,600,166.75,UPI,Completed,4.1
ORD00849,2026-02-09,Jaipur Central,Jaipur,Rajasthan,West,Rajesh Sharma,Clothing,Jeans,5,1711.16,20,6844.64,5250,1594.64,Cash,Completed,3.7
ORD00850,2026-07-28,Bengaluru MG Road,Bengaluru,Karnataka,South,Vikram Rao,Clothing,Jeans,3,1710.4,20,4104.96,3150,954.96,Credit Card,Completed,4.5
ORD00851,2026-08-03,Hyderabad Banjara,Hyderabad,Telangana,South,Anjali Reddy,Home & Kitchen,Water Bottle,4,668.24,10,2405.66,1600,805.66,Net Banking,Completed,4.9
ORD00852,2026-08-12,Kolkata Park Street,Kolkata,West Bengal,East,Priya Sen,Home & Kitchen,Mixer Grinder,6,3868.53,20,18568.94,16200,2368.94,Debit Card,Completed,3.5
ORD00853,2026-05-02,Jaipur Central,Jaipur,Rajasthan,West,Rajesh Sharma,Clothing,Jacket,2,3141.44,5,5968.74,3800,2168.74,Cash,Completed,4.6
ORD00854,2026-05-06,Jaipur Central,Jaipur,Rajasthan,West,Rajesh Sharma,Clothing,Jeans,5,1834.07,10,8253.32,5250,3003.32,Net Banking,Completed,4.1
ORD00855,2026-04-09,Jaipur Central,Jaipur,Rajasthan,West,Rajesh Sharma,Clothing,Jacket,5,3214.39,5,15268.35,9500,5768.35,UPI,Completed,4.9
ORD00856,2026-07-29,Jaipur Central,Jaipur,Rajasthan,West,Rajesh Sharma,Electronics,Smartwatch,5,4374.84,15,-18593.07,14500,-33093.07,Credit Card,Returned,3.7
ORD00857,2026-08-11,Delhi Connaught,Delhi,Delhi,North,Amit Verma,Beauty,Shampoo,3,453.38,0,1360.14,870,490.14,Net Banking,Completed,3.7
ORD00858,2026-06-30,Lucknow Hazratganj,Lucknow,Uttar Pradesh,North,Sanjay Singh,Electronics,Smartwatch,1,4631.79,0,4631.79,2900,1731.79,UPI,Completed,4.6
ORD00859,2026-04-09,Jaipur Central,Jaipur,Rajasthan,West,Rajesh Sharma,Beauty,Perfume,5,1876.53,10,8444.39,5250,3194.39,Credit Card,Completed,3.0
ORD00860,2026-01-04,Chennai T Nagar,Chennai,Tamil Nadu,South,Karthik Iyer,Home & Kitchen,Water Bottle,5,709.09,5,3368.18,2000,1368.18,UPI,Completed,4.2
ORD00861,2026-07-21,Chennai T Nagar,Chennai,Tamil Nadu,South,Karthik Iyer,Clothing,T-Shirt,4,930.08,0,3720.32,2000,1720.32,Cash,Completed,3.8
ORD00862,2026-03-07,Bengaluru MG Road,Bengaluru,Karnataka,South,Vikram Rao,Home & Kitchen,Water Bottle,1,683.83,5,0.0,400,0.0,Net Banking,Cancelled,
ORD00863,2026-07-30,Jaipur Central,Jaipur,Rajasthan,West,Rajesh Sharma,Electronics,Smartphone,1,22244.58,10,20020.12,16000,4020.12,Cash,Completed,4.9
ORD00864,2026-02-14,Hyderabad Banjara,Hyderabad,Telangana,South,Anjali Reddy,Electronics,Smartphone,2,22412.99,20,35860.78,32000,3860.78,Credit Card,Completed,4.8
ORD00865,2026-01-26,Lucknow Hazratganj,Lucknow,Uttar Pradesh,North,Sanjay Singh,Electronics,Smartphone,2,22349.14,20,35758.62,32000,3758.62,Debit Card,Completed,4.7
ORD00866,2026-05-08,Jaipur Central,Jaipur,Rajasthan,West,Rajesh Sharma,Beauty,Perfume,5,1818.61,0,9093.05,5250,3843.05,Net Banking,Completed,4.3
ORD00867,2026-01-17,Delhi Connaught,Delhi,Delhi,North,Amit Verma,Home & Kitchen,Dinner Set,4,2468.07,10,8885.05,6200,2685.05,Debit Card,Completed,4.8
ORD00868,2026-07-28,Delhi Connaught,Delhi,Delhi,North,Amit Verma,Beauty,Perfume,2,1763.98,15,2998.77,2100,898.77,Cash,Completed,4.5
ORD00869,2026-01-03,Jaipur Central,Jaipur,Rajasthan,West,Rajesh Sharma,Grocery,Cooking Oil 1L,3,150.2,5,428.07,360,68.07,UPI,Completed,3.7
ORD00870,2026-03-01,Bengaluru MG Road,Bengaluru,Karnataka,South,Vikram Rao,Clothing,Jacket,5,3310.04,10,14895.18,9500,5395.18,Debit Card,Completed,4.9
ORD00871,2026-05-20,Kolkata Park Street,Kolkata,West Bengal,East,Priya Sen,Electronics,Headphones,3,1822.48,5,5194.07,3300,1894.07,UPI,Completed,3.8
ORD00872,2026-01-17,Delhi Connaught,Delhi,Delhi,North,Amit Verma,Clothing,T-Shirt,2,871.01,20,1393.62,1000,393.62,Debit Card,Completed,4.6
ORD00873,2026-04-15,Lucknow Hazratganj,Lucknow,Uttar Pradesh,North,Sanjay Singh,Grocery,Tea 500g,5,272.24,15,1157.02,1050,107.02,Credit Card,Completed,4.6
ORD00874,2026-03-31,Hyderabad Banjara,Hyderabad,Telangana,South,Anjali Reddy,Clothing,Sneakers,5,4318.12,10,19431.54,13000,6431.54,UPI,Completed,4.5
ORD00875,2026-04-08,Kolkata Park Street,Kolkata,West Bengal,East,Priya Sen,Home & Kitchen,Water Bottle,3,699.4,0,0.0,1200,0.0,Cash,Cancelled,
ORD00876,2026-08-16,Kolkata Park Street,Kolkata,West Bengal,East,Priya Sen,Grocery,Cooking Oil 1L,1,157.41,0,157.41,120,37.41,Debit Card,Completed,4.0
ORD00877,2026-08-01,Hyderabad Banjara,Hyderabad,Telangana,South,Anjali Reddy,Beauty,Moisturizer,6,524.31,10,2831.27,2040,791.27,UPI,Completed,4.8
ORD00878,2026-08-14,Hyderabad Banjara,Hyderabad,Telangana,South,Anjali Reddy,Clothing,Sneakers,2,4165.06,0,8330.12,5200,3130.12,Debit Card,Completed,3.2
ORD00879,2026-02-11,Delhi Connaught,Delhi,Delhi,North,Amit Verma,Beauty,Moisturizer,2,533.86,0,1067.72,680,387.72,Debit Card,Completed,4.0
ORD00880,2026-01-10,Jaipur Central,Jaipur,Rajasthan,West,Rajesh Sharma,Home & Kitchen,Mixer Grinder,5,3856.08,10,17352.36,13500,3852.36,Cash,Completed,3.9
ORD00881,2026-04-02,Kolkata Park Street,Kolkata,West Bengal,East,Priya Sen,Home & Kitchen,Coffee Maker,2,5169.25,5,9821.57,7200,2621.57,Credit Card,Completed,3.7
ORD00882,2026-08-19,Hyderabad Banjara,Hyderabad,Telangana,South,Anjali Reddy,Grocery,Tea 500g,1,285.02,15,-242.27,210,-452.27,Credit Card,Returned,4.7
ORD00883,2026-04-23,Kolkata Park Street,Kolkata,West Bengal,East,Priya Sen,Grocery,Tea 500g,6,276.79,0,1660.74,1260,400.74,Net Banking,Completed,3.2
ORD00884,2026-06-25,Mumbai Andheri,Mumbai,Maharashtra,West,Neha Kapoor,Grocery,Cooking Oil 1L,2,146.72,5,278.77,240,38.77,Cash,Completed,3.3
ORD00885,2026-07-03,Lucknow Hazratganj,Lucknow,Uttar Pradesh,North,Sanjay Singh,Clothing,Sneakers,5,4076.52,0,20382.6,13000,7382.6,Debit Card,Completed,3.4
ORD00886,2026-07-13,Jaipur Central,Jaipur,Rajasthan,West,Rajesh Sharma,Grocery,Tea 500g,1,284.68,15,241.98,210,31.98,UPI,Completed,4.2
ORD00887,2026-04-05,Delhi Connaught,Delhi,Delhi,North,Amit Verma,Home & Kitchen,Mixer Grinder,1,3737.01,10,3363.31,2700,663.31,Debit Card,Completed,4.9
ORD00888,2026-02-27,Jaipur Central,Jaipur,Rajasthan,West,Rajesh Sharma,Clothing,Jeans,5,1777.8,0,8889.0,5250,3639.0,Cash,Completed,4.5
ORD00889,2026-01-28,Bengaluru MG Road,Bengaluru,Karnataka,South,Vikram Rao,Clothing,T-Shirt,3,863.41,0,2590.23,1500,1090.23,UPI,Completed,3.6
ORD00890,2026-06-01,Lucknow Hazratganj,Lucknow,Uttar Pradesh,North,Sanjay Singh,Electronics,Smartwatch,5,4586.67,20,18346.68,14500,3846.68,Cash,Completed,4.9
ORD00891,2026-05-09,Lucknow Hazratganj,Lucknow,Uttar Pradesh,North,Sanjay Singh,Home & Kitchen,Coffee Maker,1,5006.32,15,4255.37,3600,655.37,Credit Card,Completed,3.8
ORD00892,2026-02-23,Hyderabad Banjara,Hyderabad,Telangana,South,Anjali Reddy,Grocery,Tea 500g,1,270.76,5,257.22,210,47.22,Cash,Completed,3.1
ORD00893,2026-03-11,Mumbai Andheri,Mumbai,Maharashtra,West,Neha Kapoor,Home & Kitchen,Mixer Grinder,1,3711.8,20,0.0,2700,0.0,Debit Card,Cancelled,
ORD00894,2026-02-19,Bengaluru MG Road,Bengaluru,Karnataka,South,Vikram Rao,Home & Kitchen,Dinner Set,2,2294.24,20,3670.78,3100,570.78,Credit Card,Completed,3.0
ORD00895,2026-07-17,Chennai T Nagar,Chennai,Tamil Nadu,South,Karthik Iyer,Home & Kitchen,Mixer Grinder,3,3653.32,10,9863.96,8100,1763.96,Net Banking,Completed,3.4
ORD00896,2026-02-08,Lucknow Hazratganj,Lucknow,Uttar Pradesh,North,Sanjay Singh,Beauty,Perfume,4,1877.77,20,6008.86,4200,1808.86,Net Banking,Completed,4.4
ORD00897,2026-02-01,Lucknow Hazratganj,Lucknow,Uttar Pradesh,North,Sanjay Singh,Grocery,Biscuits Pack,6,100.71,5,574.05,432,142.05,Debit Card,Completed,3.2
ORD00898,2026-07-15,Lucknow Hazratganj,Lucknow,Uttar Pradesh,North,Sanjay Singh,Clothing,T-Shirt,4,917.53,20,-2936.1,2000,-4936.1,Cash,Returned,4.5
ORD00899,2026-06-07,Lucknow Hazratganj,Lucknow,Uttar Pradesh,North,Sanjay Singh,Home & Kitchen,Mixer Grinder,1,3953.81,20,3163.05,2700,463.05,Debit Card,Completed,3.8
ORD00900,2026-03-13,Chennai T Nagar,Chennai,Tamil Nadu,South,Karthik Iyer,Home & Kitchen,Mixer Grinder,6,3825.3,0,22951.8,16200,6751.8,Cash,Completed,4.1
ORD00901,2026-01-24,Delhi Connaught,Delhi,Delhi,North,Amit Verma,Beauty,Face Wash,2,351.51,20,562.42,440,122.42,Debit Card,Completed,3.1
ORD00902,2026-06-20,Jaipur Central,Jaipur,Rajasthan,West,Rajesh Sharma,Grocery,Biscuits Pack,4,96.07,15,326.64,288,38.64,Debit Card,Completed,3.7
ORD00903,2026-04-25,Bengaluru MG Road,Bengaluru,Karnataka,South,Vikram Rao,Electronics,Headphones,5,1744.89,15,7415.78,5500,1915.78,Net Banking,Completed,3.8
ORD00904,2026-05-01,Mumbai Andheri,Mumbai,Maharashtra,West,Neha Kapoor,Electronics,Smartphone,3,20985.29,20,50364.7,48000,2364.7,Cash,Completed,3.7
ORD00905,2026-04-26,Mumbai Andheri,Mumbai,Maharashtra,West,Neha Kapoor,Home & Kitchen,Dinner Set,4,2314.55,20,7406.56,6200,1206.56,Cash,Completed,4.3
ORD00906,2026-01-10,Lucknow Hazratganj,Lucknow,Uttar Pradesh,North,Sanjay Singh,Grocery,Cooking Oil 1L,6,149.73,20,718.7,720,-1.3,UPI,Completed,3.9
ORD00907,2026-03-02,Mumbai Andheri,Mumbai,Maharashtra,West,Neha Kapoor,Beauty,Face Wash,4,346.42,20,1108.54,880,228.54,Net Banking,Completed,3.4
ORD00908,2026-04-03,Chennai T Nagar,Chennai,Tamil Nadu,South,Karthik Iyer,Home & Kitchen,Coffee Maker,6,5398.66,10,29152.76,21600,7552.76,Net Banking,Completed,3.3
ORD00909,2026-06-25,Chennai T Nagar,Chennai,Tamil Nadu,South,Karthik Iyer,Home & Kitchen,Dinner Set,4,2388.5,10,-8598.6,6200,-14798.6,Net Banking,Returned,3.5
ORD00910,2026-02-26,Bengaluru MG Road,Bengaluru,Karnataka,South,Vikram Rao,Electronics,Smartwatch,2,4311.61,10,7760.9,5800,1960.9,Credit Card,Completed,4.1
ORD00911,2026-04-19,Jaipur Central,Jaipur,Rajasthan,West,Rajesh Sharma,Grocery,Rice 5kg,1,682.38,5,648.26,510,138.26,Credit Card,Completed,3.2
ORD00912,2026-06-29,Delhi Connaught,Delhi,Delhi,North,Amit Verma,Electronics,Headphones,2,1808.44,15,3074.35,2200,874.35,Credit Card,Completed,4.9
ORD00913,2026-08-05,Chennai T Nagar,Chennai,Tamil Nadu,South,Karthik Iyer,Clothing,Jacket,4,3165.52,5,12028.98,7600,4428.98,Credit Card,Completed,4.7
ORD00914,2026-05-08,Kolkata Park Street,Kolkata,West Bengal,East,Priya Sen,Electronics,Laptop,2,52533.63,20,84053.81,84000,53.81,Net Banking,Completed,3.4
ORD00915,2026-06-20,Chennai T Nagar,Chennai,Tamil Nadu,South,Karthik Iyer,Home & Kitchen,Mixer Grinder,6,3710.93,0,22265.58,16200,6065.58,Cash,Completed,3.6
ORD00916,2026-01-10,Delhi Connaught,Delhi,Delhi,North,Amit Verma,Clothing,Jeans,2,1859.72,5,3533.47,2100,1433.47,Net Banking,Completed,3.3
ORD00917,2026-02-27,Delhi Connaught,Delhi,Delhi,North,Amit Verma,Electronics,Headphones,6,1792.14,5,10215.2,6600,3615.2,Cash,Completed,4.7
ORD00918,2026-05-07,Delhi Connaught,Delhi,Delhi,North,Amit Verma,Clothing,Jacket,5,3155.73,10,14200.78,9500,4700.78,Net Banking,Completed,4.6
ORD00919,2026-04-01,Bengaluru MG Road,Bengaluru,Karnataka,South,Vikram Rao,Clothing,Jacket,2,3124.61,5,5936.76,3800,2136.76,Debit Card,Completed,4.9
ORD00920,2026-02-15,Delhi Connaught,Delhi,Delhi,North,Amit Verma,Home & Kitchen,Water Bottle,1,674.49,10,607.04,400,207.04,Net Banking,Completed,4.7
ORD00921,2026-06-10,Bengaluru MG Road,Bengaluru,Karnataka,South,Vikram Rao,Home & Kitchen,Coffee Maker,2,5054.88,20,-8087.81,7200,-15287.81,Debit Card,Returned,3.0
ORD00922,2026-04-07,Delhi Connaught,Delhi,Delhi,North,Amit Verma,Beauty,Face Wash,4,336.72,0,1346.88,880,466.88,Cash,Completed,3.9
ORD00923,2026-03-12,Kolkata Park Street,Kolkata,West Bengal,East,Priya Sen,Home & Kitchen,Mixer Grinder,2,3746.54,5,7118.43,5400,1718.43,Cash,Completed,3.5
ORD00924,2026-03-14,Kolkata Park Street,Kolkata,West Bengal,East,Priya Sen,Beauty,Moisturizer,5,529.05,10,2380.72,1700,680.72,Cash,Completed,3.8
ORD00925,2026-05-21,Jaipur Central,Jaipur,Rajasthan,West,Rajesh Sharma,Clothing,Sneakers,4,4247.05,10,15289.38,10400,4889.38,UPI,Completed,3.7
ORD00926,2026-05-31,Delhi Connaught,Delhi,Delhi,North,Amit Verma,Beauty,Moisturizer,4,568.92,10,2048.11,1360,688.11,Debit Card,Completed,4.8
ORD00927,2026-03-22,Bengaluru MG Road,Bengaluru,Karnataka,South,Vikram Rao,Beauty,Shampoo,1,459.35,5,436.38,290,146.38,Cash,Completed,3.6
ORD00928,2026-08-10,Lucknow Hazratganj,Lucknow,Uttar Pradesh,North,Sanjay Singh,Beauty,Face Wash,1,342.15,5,325.04,220,105.04,Debit Card,Completed,4.9
ORD00929,2026-07-13,Bengaluru MG Road,Bengaluru,Karnataka,South,Vikram Rao,Beauty,Face Wash,6,349.7,5,1993.29,1320,673.29,Debit Card,Completed,4.3
ORD00930,2026-08-19,Hyderabad Banjara,Hyderabad,Telangana,South,Anjali Reddy,Clothing,Sneakers,4,4010.24,10,14436.86,10400,4036.86,Debit Card,Completed,4.2
ORD00931,2026-06-22,Hyderabad Banjara,Hyderabad,Telangana,South,Anjali Reddy,Grocery,Tea 500g,6,290.24,5,1654.37,1260,394.37,UPI,Completed,3.9
ORD00932,2026-04-18,Mumbai Andheri,Mumbai,Maharashtra,West,Neha Kapoor,Electronics,Headphones,5,1823.02,20,7292.08,5500,1792.08,Debit Card,Completed,3.2
ORD00933,2026-06-15,Chennai T Nagar,Chennai,Tamil Nadu,South,Karthik Iyer,Clothing,Jacket,5,3218.77,0,16093.85,9500,6593.85,Credit Card,Completed,4.7
ORD00934,2026-04-03,Bengaluru MG Road,Bengaluru,Karnataka,South,Vikram Rao,Home & Kitchen,Dinner Set,6,2345.89,0,14075.34,9300,4775.34,UPI,Completed,4.4
ORD00935,2026-02-03,Mumbai Andheri,Mumbai,Maharashtra,West,Neha Kapoor,Home & Kitchen,Mixer Grinder,1,3834.5,0,3834.5,2700,1134.5,Cash,Completed,4.2
ORD00936,2026-08-08,Chennai T Nagar,Chennai,Tamil Nadu,South,Karthik Iyer,Grocery,Tea 500g,1,289.19,5,274.73,210,64.73,UPI,Completed,3.9
ORD00937,2026-02-14,Delhi Connaught,Delhi,Delhi,North,Amit Verma,Grocery,Rice 5kg,3,626.1,10,1690.47,1530,160.47,Credit Card,Completed,3.5
ORD00938,2026-01-13,Lucknow Hazratganj,Lucknow,Uttar Pradesh,North,Sanjay Singh,Home & Kitchen,Water Bottle,5,716.02,10,3222.09,2000,1222.09,Debit Card,Completed,3.9
ORD00939,2026-03-14,Hyderabad Banjara,Hyderabad,Telangana,South,Anjali Reddy,Grocery,Cooking Oil 1L,5,145.16,10,653.22,600,53.22,Debit Card,Completed,4.5
ORD00940,2026-02-26,Hyderabad Banjara,Hyderabad,Telangana,South,Anjali Reddy,Electronics,Smartwatch,6,4446.66,0,26679.96,17400,9279.96,Credit Card,Completed,4.1
ORD00941,2026-04-17,Jaipur Central,Jaipur,Rajasthan,West,Rajesh Sharma,Home & Kitchen,Coffee Maker,1,5252.21,15,0.0,3600,0.0,Net Banking,Cancelled,
ORD00942,2026-01-03,Bengaluru MG Road,Bengaluru,Karnataka,South,Vikram Rao,Clothing,Sneakers,2,4332.64,10,7798.75,5200,2598.75,Net Banking,Completed,3.9
ORD00943,2026-06-22,Lucknow Hazratganj,Lucknow,Uttar Pradesh,North,Sanjay Singh,Home & Kitchen,Coffee Maker,3,5005.66,15,12764.43,10800,1964.43,UPI,Completed,3.2
ORD00944,2026-06-22,Delhi Connaught,Delhi,Delhi,North,Amit Verma,Beauty,Moisturizer,3,567.37,5,1617.0,1020,597.0,Cash,Completed,3.3
ORD00945,2026-08-15,Jaipur Central,Jaipur,Rajasthan,West,Rajesh Sharma,Electronics,Laptop,6,55945.47,5,318889.18,252000,66889.18,Net Banking,Completed,5.0
ORD00946,2026-07-09,Delhi Connaught,Delhi,Delhi,North,Amit Verma,Grocery,Rice 5kg,4,647.53,0,2590.12,2040,550.12,Credit Card,Completed,3.2
ORD00947,2026-02-04,Bengaluru MG Road,Bengaluru,Karnataka,South,Vikram Rao,Home & Kitchen,Water Bottle,1,699.05,0,699.05,400,299.05,UPI,Completed,5.0
ORD00948,2026-04-11,Chennai T Nagar,Chennai,Tamil Nadu,South,Karthik Iyer,Beauty,Shampoo,4,444.97,5,1690.89,1160,530.89,Debit Card,Completed,4.8
ORD00949,2026-08-12,Chennai T Nagar,Chennai,Tamil Nadu,South,Karthik Iyer,Grocery,Cooking Oil 1L,4,149.64,5,568.63,480,88.63,Cash,Completed,5.0
ORD00950,2026-08-11,Jaipur Central,Jaipur,Rajasthan,West,Rajesh Sharma,Home & Kitchen,Coffee Maker,1,5357.1,10,4821.39,3600,1221.39,Debit Card,Completed,4.4
ORD00951,2026-06-22,Bengaluru MG Road,Bengaluru,Karnataka,South,Vikram Rao,Electronics,Smartwatch,6,4504.36,5,25674.85,17400,8274.85,Net Banking,Completed,3.5
ORD00952,2026-05-31,Hyderabad Banjara,Hyderabad,Telangana,South,Anjali Reddy,Beauty,Face Wash,1,336.06,10,302.45,220,82.45,Credit Card,Completed,4.1
ORD00953,2026-04-29,Delhi Connaught,Delhi,Delhi,North,Amit Verma,Electronics,Laptop,6,57623.55,0,345741.3,252000,93741.3,UPI,Completed,3.6
ORD00954,2026-06-25,Jaipur Central,Jaipur,Rajasthan,West,Rajesh Sharma,Grocery,Biscuits Pack,6,100.98,0,605.88,432,173.88,Debit Card,Completed,4.5
ORD00955,2026-03-02,Chennai T Nagar,Chennai,Tamil Nadu,South,Karthik Iyer,Home & Kitchen,Coffee Maker,4,5194.06,10,18698.62,14400,4298.62,Credit Card,Completed,3.3
ORD00956,2026-02-28,Kolkata Park Street,Kolkata,West Bengal,East,Priya Sen,Grocery,Cooking Oil 1L,1,149.35,15,126.95,120,6.95,Credit Card,Completed,4.4
ORD00957,2026-03-17,Delhi Connaught,Delhi,Delhi,North,Amit Verma,Clothing,Sneakers,3,4046.08,20,9710.59,7800,1910.59,Credit Card,Completed,4.4
ORD00958,2026-01-17,Jaipur Central,Jaipur,Rajasthan,West,Rajesh Sharma,Grocery,Rice 5kg,4,682.07,10,0.0,2040,0.0,UPI,Cancelled,
ORD00959,2026-01-02,Hyderabad Banjara,Hyderabad,Telangana,South,Anjali Reddy,Home & Kitchen,Water Bottle,6,707.61,10,3821.09,2400,1421.09,Cash,Completed,4.6
ORD00960,2026-02-10,Mumbai Andheri,Mumbai,Maharashtra,West,Neha Kapoor,Home & Kitchen,Coffee Maker,4,5457.01,10,19645.24,14400,5245.24,Net Banking,Completed,4.0
ORD00961,2026-01-10,Chennai T Nagar,Chennai,Tamil Nadu,South,Karthik Iyer,Beauty,Shampoo,3,464.08,10,1253.02,870,383.02,Net Banking,Completed,4.5
ORD00962,2026-01-28,Mumbai Andheri,Mumbai,Maharashtra,West,Neha Kapoor,Beauty,Shampoo,6,437.79,5,2495.4,1740,755.4,Cash,Completed,4.8
ORD00963,2026-06-22,Lucknow Hazratganj,Lucknow,Uttar Pradesh,North,Sanjay Singh,Clothing,Sneakers,4,4161.08,0,16644.32,10400,6244.32,Net Banking,Completed,4.3
ORD00964,2026-08-05,Kolkata Park Street,Kolkata,West Bengal,East,Priya Sen,Grocery,Rice 5kg,6,661.92,10,3574.37,3060,514.37,Net Banking,Completed,4.4
ORD00965,2026-08-16,Bengaluru MG Road,Bengaluru,Karnataka,South,Vikram Rao,Electronics,Headphones,2,1852.48,5,3519.71,2200,1319.71,Debit Card,Completed,3.6
ORD00966,2026-01-02,Kolkata Park Street,Kolkata,West Bengal,East,Priya Sen,Clothing,Jacket,2,3321.19,15,5646.02,3800,1846.02,Debit Card,Completed,4.0
ORD00967,2026-05-20,Chennai T Nagar,Chennai,Tamil Nadu,South,Karthik Iyer,Electronics,Smartwatch,2,4513.15,0,9026.3,5800,3226.3,Net Banking,Completed,5.0
ORD00968,2026-06-28,Mumbai Andheri,Mumbai,Maharashtra,West,Neha Kapoor,Clothing,Jacket,3,3237.57,5,9227.07,5700,3527.07,Credit Card,Completed,4.1
ORD00969,2026-02-01,Delhi Connaught,Delhi,Delhi,North,Amit Verma,Beauty,Shampoo,2,447.57,20,716.11,580,136.11,Net Banking,Completed,3.3
ORD00970,2026-02-09,Chennai T Nagar,Chennai,Tamil Nadu,South,Karthik Iyer,Electronics,Headphones,3,1797.68,5,5123.39,3300,1823.39,Credit Card,Completed,3.9
ORD00971,2026-01-01,Lucknow Hazratganj,Lucknow,Uttar Pradesh,North,Sanjay Singh,Grocery,Biscuits Pack,3,102.46,5,292.01,216,76.01,Cash,Completed,3.2
ORD00972,2026-02-17,Lucknow Hazratganj,Lucknow,Uttar Pradesh,North,Sanjay Singh,Beauty,Shampoo,6,465.94,0,2795.64,1740,1055.64,Cash,Completed,4.6
ORD00973,2026-06-23,Hyderabad Banjara,Hyderabad,Telangana,South,Anjali Reddy,Clothing,Sneakers,5,4177.74,5,19844.26,13000,6844.26,UPI,Completed,4.0
ORD00974,2026-06-03,Kolkata Park Street,Kolkata,West Bengal,East,Priya Sen,Home & Kitchen,Mixer Grinder,4,3717.38,5,14126.04,10800,3326.04,Credit Card,Completed,5.0
ORD00975,2026-01-12,Kolkata Park Street,Kolkata,West Bengal,East,Priya Sen,Beauty,Shampoo,3,434.01,5,1236.93,870,366.93,Net Banking,Completed,3.1
ORD00976,2026-07-12,Mumbai Andheri,Mumbai,Maharashtra,West,Neha Kapoor,Electronics,Headphones,4,1871.85,5,7113.03,4400,2713.03,UPI,Completed,3.5
ORD00977,2026-02-24,Kolkata Park Street,Kolkata,West Bengal,East,Priya Sen,Home & Kitchen,Dinner Set,4,2363.08,0,9452.32,6200,3252.32,Debit Card,Completed,3.3
ORD00978,2026-04-09,Lucknow Hazratganj,Lucknow,Uttar Pradesh,North,Sanjay Singh,Grocery,Tea 500g,1,291.11,20,232.89,210,22.89,Cash,Completed,3.1
ORD00979,2026-01-14,Delhi Connaught,Delhi,Delhi,North,Amit Verma,Beauty,Perfume,4,1748.59,20,5595.49,4200,1395.49,Credit Card,Completed,4.9
ORD00980,2026-06-20,Chennai T Nagar,Chennai,Tamil Nadu,South,Karthik Iyer,Grocery,Rice 5kg,1,619.05,20,495.24,510,-14.76,Net Banking,Completed,3.2
ORD00981,2026-01-24,Chennai T Nagar,Chennai,Tamil Nadu,South,Karthik Iyer,Clothing,Jacket,2,3141.02,10,-5653.84,3800,-9453.84,UPI,Returned,4.9
ORD00982,2026-08-15,Bengaluru MG Road,Bengaluru,Karnataka,South,Vikram Rao,Beauty,Moisturizer,6,547.85,10,2958.39,2040,918.39,Debit Card,Completed,3.7
ORD00983,2026-03-13,Kolkata Park Street,Kolkata,West Bengal,East,Priya Sen,Grocery,Tea 500g,2,278.5,20,445.6,420,25.6,UPI,Completed,3.0
ORD00984,2026-06-06,Kolkata Park Street,Kolkata,West Bengal,East,Priya Sen,Electronics,Laptop,5,55960.21,5,265811.0,210000,55811.0,UPI,Completed,4.9
ORD00985,2026-07-02,Hyderabad Banjara,Hyderabad,Telangana,South,Anjali Reddy,Beauty,Shampoo,2,442.96,10,797.33,580,217.33,UPI,Completed,3.7
ORD00986,2026-07-19,Mumbai Andheri,Mumbai,Maharashtra,West,Neha Kapoor,Clothing,Jeans,3,1750.64,10,4726.73,3150,1576.73,Cash,Completed,4.4
ORD00987,2026-08-23,Delhi Connaught,Delhi,Delhi,North,Amit Verma,Grocery,Tea 500g,5,278.5,15,1183.62,1050,133.62,Debit Card,Completed,4.8
ORD00988,2026-06-11,Lucknow Hazratganj,Lucknow,Uttar Pradesh,North,Sanjay Singh,Grocery,Tea 500g,3,284.98,20,683.95,630,53.95,Cash,Completed,4.1
ORD00989,2026-04-19,Lucknow Hazratganj,Lucknow,Uttar Pradesh,North,Sanjay Singh,Beauty,Shampoo,4,441.89,15,1502.43,1160,342.43,Cash,Completed,5.0
ORD00990,2026-06-21,Jaipur Central,Jaipur,Rajasthan,West,Rajesh Sharma,Electronics,Laptop,4,55291.11,5,0.0,168000,0.0,UPI,Cancelled,
ORD00991,2026-08-03,Delhi Connaught,Delhi,Delhi,North,Amit Verma,Clothing,Jacket,3,3109.39,10,8395.35,5700,2695.35,Debit Card,Completed,4.5
ORD00992,2026-04-20,Hyderabad Banjara,Hyderabad,Telangana,South,Anjali Reddy,Clothing,Jeans,4,1838.85,0,-7355.4,4200,-11555.4,Cash,Returned,3.1
ORD00993,2026-04-19,Delhi Connaught,Delhi,Delhi,North,Amit Verma,Clothing,Jeans,2,1852.95,5,3520.61,2100,1420.61,Cash,Completed,3.2
ORD00994,2026-03-06,Bengaluru MG Road,Bengaluru,Karnataka,South,Vikram Rao,Electronics,Headphones,2,1848.19,5,3511.56,2200,1311.56,Debit Card,Completed,4.0
ORD00995,2026-07-18,Bengaluru MG Road,Bengaluru,Karnataka,South,Vikram Rao,Beauty,Moisturizer,5,549.64,5,2610.79,1700,910.79,Cash,Completed,3.5
ORD00996,2026-03-09,Delhi Connaught,Delhi,Delhi,North,Amit Verma,Beauty,Perfume,5,1773.61,5,8424.65,5250,3174.65,Cash,Completed,4.9
ORD00997,2026-03-17,Kolkata Park Street,Kolkata,West Bengal,East,Priya Sen,Clothing,Jeans,3,1718.91,15,4383.22,3150,1233.22,Debit Card,Completed,4.9
ORD00998,2026-05-17,Mumbai Andheri,Mumbai,Maharashtra,West,Neha Kapoor,Electronics,Headphones,5,1751.5,0,-8757.5,5500,-14257.5,Cash,Returned,3.5
ORD00999,2026-04-23,Hyderabad Banjara,Hyderabad,Telangana,South,Anjali Reddy,Electronics,Headphones,1,1811.98,10,1630.78,1100,530.78,UPI,Completed,5.0
ORD01000,2026-01-05,Delhi Connaught,Delhi,Delhi,North,Amit Verma,Home & Kitchen,Water Bottle,6,666.21,0,3997.26,2400,1597.26,Credit Card,Completed,4.3
ORD01001,2026-03-01,Bengaluru MG Road,Bengaluru,Karnataka,South,Vikram Rao,Electronics,Headphones,3,1788.34,5,5096.77,3300,1796.77,Debit Card,Completed,4.9
ORD01002,2026-01-03,Jaipur Central,Jaipur,Rajasthan,West,Rajesh Sharma,Electronics,Headphones,1,1862.31,5,0.0,1100,0.0,UPI,Cancelled,
ORD01003,2026-05-21,Bengaluru MG Road,Bengaluru,Karnataka,South,Vikram Rao,Grocery,Cooking Oil 1L,5,154.11,10,693.5,600,93.5,UPI,Completed,3.6
ORD01004,2026-06-29,Bengaluru MG Road,Bengaluru,Karnataka,South,Vikram Rao,Electronics,Laptop,3,52520.92,15,133928.35,126000,7928.35,Net Banking,Completed,5.0
ORD01005,2026-02-22,Lucknow Hazratganj,Lucknow,Uttar Pradesh,North,Sanjay Singh,Grocery,Rice 5kg,1,633.39,20,506.71,510,-3.29,Net Banking,Completed,4.6
ORD01006,2026-04-07,Kolkata Park Street,Kolkata,West Bengal,East,Priya Sen,Electronics,Headphones,2,1876.65,20,3002.64,2200,802.64,Net Banking,Completed,4.2
ORD01007,2026-01-05,Mumbai Andheri,Mumbai,Maharashtra,West,Neha Kapoor,Beauty,Perfume,4,1855.35,20,5937.12,4200,1737.12,UPI,Completed,3.2
ORD01008,2026-03-19,Bengaluru MG Road,Bengaluru,Karnataka,South,Vikram Rao,Grocery,Biscuits Pack,6,103.99,0,623.94,432,191.94,Debit Card,Completed,4.0
ORD01009,2026-04-14,Bengaluru MG Road,Bengaluru,Karnataka,South,Vikram Rao,Clothing,Jeans,1,1875.16,0,1875.16,1050,825.16,Credit Card,Completed,4.5
ORD01010,2026-03-12,Delhi Connaught,Delhi,Delhi,North,Amit Verma,Beauty,Face Wash,2,358.94,15,610.2,440,170.2,UPI,Completed,3.2
ORD01011,2026-08-22,Delhi Connaught,Delhi,Delhi,North,Amit Verma,Electronics,Smartwatch,3,4485.59,10,12111.09,8700,3411.09,Net Banking,Completed,5.0
ORD01012,2026-05-19,Jaipur Central,Jaipur,Rajasthan,West,Rajesh Sharma,Home & Kitchen,Dinner Set,4,2441.55,15,8301.27,6200,2101.27,UPI,Completed,4.6
ORD01013,2026-03-28,Mumbai Andheri,Mumbai,Maharashtra,West,Neha Kapoor,Grocery,Cooking Oil 1L,1,150.91,10,135.82,120,15.82,Net Banking,Completed,4.2
ORD01014,2026-01-21,Chennai T Nagar,Chennai,Tamil Nadu,South,Karthik Iyer,Beauty,Moisturizer,1,575.06,10,517.55,340,177.55,Cash,Completed,4.3
ORD01015,2026-05-25,Kolkata Park Street,Kolkata,West Bengal,East,Priya Sen,Home & Kitchen,Mixer Grinder,6,3939.49,5,22455.09,16200,6255.09,Credit Card,Completed,4.4
ORD01016,2026-07-25,Hyderabad Banjara,Hyderabad,Telangana,South,Anjali Reddy,Beauty,Face Wash,2,344.01,20,550.42,440,110.42,UPI,Completed,3.9
ORD01017,2026-08-21,Jaipur Central,Jaipur,Rajasthan,West,Rajesh Sharma,Home & Kitchen,Mixer Grinder,4,3836.66,5,14579.31,10800,3779.31,Net Banking,Completed,4.4
ORD01018,2026-01-14,Jaipur Central,Jaipur,Rajasthan,West,Rajesh Sharma,Electronics,Smartwatch,6,4392.04,10,0.0,17400,0.0,Net Banking,Cancelled,
ORD01019,2026-05-12,Delhi Connaught,Delhi,Delhi,North,Amit Verma,Clothing,Jeans,5,1725.8,15,7334.65,5250,2084.65,Debit Card,Completed,4.0
ORD01020,2026-05-04,Jaipur Central,Jaipur,Rajasthan,West,Rajesh Sharma,Grocery,Tea 500g,4,269.96,5,1025.85,840,185.85,Debit Card,Completed,3.6
ORD01021,2026-02-07,Mumbai Andheri,Mumbai,Maharashtra,West,Neha Kapoor,Clothing,T-Shirt,3,909.8,5,2592.93,1500,1092.93,Credit Card,Completed,5.0
ORD01022,2026-06-02,Kolkata Park Street,Kolkata,West Bengal,East,Priya Sen,Home & Kitchen,Coffee Maker,1,5397.85,10,4858.07,3600,1258.07,Cash,Completed,3.8
ORD01023,2026-03-26,Bengaluru MG Road,Bengaluru,Karnataka,South,Vikram Rao,Home & Kitchen,Water Bottle,6,669.45,15,3414.2,2400,1014.2,Credit Card,Completed,3.6
ORD01024,2026-03-03,Mumbai Andheri,Mumbai,Maharashtra,West,Neha Kapoor,Clothing,Jacket,6,3282.47,10,17725.34,11400,6325.34,Cash,Completed,5.0
ORD01025,2026-03-04,Bengaluru MG Road,Bengaluru,Karnataka,South,Vikram Rao,Home & Kitchen,Dinner Set,2,2434.48,0,4868.96,3100,1768.96,Credit Card,Completed,4.7
ORD01026,2026-02-02,Lucknow Hazratganj,Lucknow,Uttar Pradesh,North,Sanjay Singh,Beauty,Moisturizer,1,561.64,0,561.64,340,221.64,Debit Card,Completed,3.4
ORD01027,2026-03-31,Delhi Connaught,Delhi,Delhi,North,Amit Verma,Grocery,Rice 5kg,2,671.08,15,1140.84,1020,120.84,Credit Card,Completed,3.4
ORD01028,2026-04-09,Bengaluru MG Road,Bengaluru,Karnataka,South,Vikram Rao,Clothing,Sneakers,6,4178.8,20,-20058.24,15600,-35658.24,Credit Card,Returned,4.1
ORD01029,2026-03-18,Chennai T Nagar,Chennai,Tamil Nadu,South,Karthik Iyer,Clothing,Jeans,1,1871.2,20,1496.96,1050,446.96,Cash,Completed,3.9
ORD01030,2026-02-19,Bengaluru MG Road,Bengaluru,Karnataka,South,Vikram Rao,Home & Kitchen,Mixer Grinder,2,3744.1,0,7488.2,5400,2088.2,Cash,Completed,4.2
ORD01031,2026-02-19,Kolkata Park Street,Kolkata,West Bengal,East,Priya Sen,Electronics,Smartwatch,6,4379.61,10,23649.89,17400,6249.89,Cash,Completed,3.3
ORD01032,2026-05-22,Chennai T Nagar,Chennai,Tamil Nadu,South,Karthik Iyer,Beauty,Perfume,1,1839.63,5,1747.65,1050,697.65,Credit Card,Completed,3.9
ORD01033,2026-07-15,Chennai T Nagar,Chennai,Tamil Nadu,South,Karthik Iyer,Home & Kitchen,Coffee Maker,1,5178.99,5,4920.04,3600,1320.04,UPI,Completed,4.1
ORD01034,2026-07-04,Chennai T Nagar,Chennai,Tamil Nadu,South,Karthik Iyer,Electronics,Headphones,3,1765.65,10,0.0,3300,0.0,Credit Card,Cancelled,
ORD01035,2026-01-07,Delhi Connaught,Delhi,Delhi,North,Amit Verma,Clothing,T-Shirt,4,924.26,0,3697.04,2000,1697.04,Debit Card,Completed,3.7
ORD01036,2026-08-01,Mumbai Andheri,Mumbai,Maharashtra,West,Neha Kapoor,Grocery,Biscuits Pack,5,102.13,5,485.12,360,125.12,UPI,Completed,4.0
ORD01037,2026-08-09,Jaipur Central,Jaipur,Rajasthan,West,Rajesh Sharma,Clothing,Jeans,2,1889.76,0,3779.52,2100,1679.52,Credit Card,Completed,4.9
ORD01038,2026-03-03,Delhi Connaught,Delhi,Delhi,North,Amit Verma,Beauty,Shampoo,4,466.43,10,1679.15,1160,519.15,Credit Card,Completed,3.9
ORD01039,2026-02-20,Bengaluru MG Road,Bengaluru,Karnataka,South,Vikram Rao,Home & Kitchen,Water Bottle,3,675.77,5,0.0,1200,0.0,Net Banking,Cancelled,
ORD01040,2026-07-15,Jaipur Central,Jaipur,Rajasthan,West,Rajesh Sharma,Clothing,Jeans,5,1728.38,15,0.0,5250,0.0,UPI,Cancelled,
ORD01041,2026-07-26,Hyderabad Banjara,Hyderabad,Telangana,South,Anjali Reddy,Grocery,Cooking Oil 1L,1,145.03,5,137.78,120,17.78,UPI,Completed,4.3
ORD01042,2026-01-20,Hyderabad Banjara,Hyderabad,Telangana,South,Anjali Reddy,Home & Kitchen,Water Bottle,1,692.5,0,692.5,400,292.5,Credit Card,Completed,3.7
ORD01043,2026-03-26,Mumbai Andheri,Mumbai,Maharashtra,West,Neha Kapoor,Grocery,Biscuits Pack,4,96.85,15,329.29,288,41.29,Net Banking,Completed,5.0
ORD01044,2026-02-22,Kolkata Park Street,Kolkata,West Bengal,East,Priya Sen,Clothing,Sneakers,2,4334.37,20,6934.99,5200,1734.99,Cash,Completed,4.0
ORD01045,2026-06-16,Mumbai Andheri,Mumbai,Maharashtra,West,Neha Kapoor,Grocery,Biscuits Pack,1,100.9,0,100.9,72,28.9,Cash,Completed,3.3
ORD01046,2026-07-09,Chennai T Nagar,Chennai,Tamil Nadu,South,Karthik Iyer,Home & Kitchen,Dinner Set,4,2510.91,5,9541.46,6200,3341.46,Credit Card,Completed,4.2
ORD01047,2026-08-19,Bengaluru MG Road,Bengaluru,Karnataka,South,Vikram Rao,Electronics,Headphones,3,1862.96,5,5309.44,3300,2009.44,UPI,Completed,3.4
ORD01048,2026-02-28,Hyderabad Banjara,Hyderabad,Telangana,South,Anjali Reddy,Home & Kitchen,Coffee Maker,3,5434.51,5,15488.35,10800,4688.35,Credit Card,Completed,3.8
ORD01049,2026-07-12,Delhi Connaught,Delhi,Delhi,North,Amit Verma,Grocery,Cooking Oil 1L,3,142.7,10,0.0,360,0.0,Credit Card,Cancelled,
ORD01050,2026-08-05,Jaipur Central,Jaipur,Rajasthan,West,Rajesh Sharma,Clothing,Jeans,4,1714.94,15,0.0,4200,0.0,UPI,Cancelled,
ORD01051,2026-02-10,Jaipur Central,Jaipur,Rajasthan,West,Rajesh Sharma,Home & Kitchen,Mixer Grinder,5,3878.47,15,16483.5,13500,2983.5,UPI,Completed,4.1
ORD01052,2026-07-03,Jaipur Central,Jaipur,Rajasthan,West,Rajesh Sharma,Grocery,Biscuits Pack,3,98.35,5,280.3,216,64.3,Credit Card,Completed,3.0
ORD01053,2026-06-26,Chennai T Nagar,Chennai,Tamil Nadu,South,Karthik Iyer,Electronics,Headphones,6,1849.93,5,10544.6,6600,3944.6,Cash,Completed,4.2
ORD01054,2026-04-06,Hyderabad Banjara,Hyderabad,Telangana,South,Anjali Reddy,Electronics,Smartphone,3,21715.41,5,61888.92,48000,13888.92,Cash,Completed,4.4
ORD01055,2026-01-23,Kolkata Park Street,Kolkata,West Bengal,East,Priya Sen,Clothing,Sneakers,5,4196.13,15,-17833.55,13000,-30833.55,Debit Card,Returned,3.2
ORD01056,2026-08-20,Delhi Connaught,Delhi,Delhi,North,Amit Verma,Electronics,Smartwatch,1,4660.28,10,4194.25,2900,1294.25,UPI,Completed,3.3
ORD01057,2026-04-30,Kolkata Park Street,Kolkata,West Bengal,East,Priya Sen,Clothing,Sneakers,3,4019.36,0,12058.08,7800,4258.08,Cash,Completed,5.0
ORD01058,2026-05-25,Chennai T Nagar,Chennai,Tamil Nadu,South,Karthik Iyer,Grocery,Biscuits Pack,2,99.51,20,159.22,144,15.22,Cash,Completed,4.6
ORD01059,2026-06-18,Jaipur Central,Jaipur,Rajasthan,West,Rajesh Sharma,Clothing,Jeans,3,1850.63,0,5551.89,3150,2401.89,Credit Card,Completed,4.4
ORD01060,2026-05-31,Lucknow Hazratganj,Lucknow,Uttar Pradesh,North,Sanjay Singh,Electronics,Laptop,1,53950.74,0,53950.74,42000,11950.74,UPI,Completed,3.1
ORD01061,2026-02-13,Jaipur Central,Jaipur,Rajasthan,West,Rajesh Sharma,Grocery,Biscuits Pack,1,103.84,10,93.46,72,21.46,Credit Card,Completed,4.1
ORD01062,2026-03-14,Bengaluru MG Road,Bengaluru,Karnataka,South,Vikram Rao,Clothing,Jacket,6,3066.0,0,18396.0,11400,6996.0,Debit Card,Completed,4.2
ORD01063,2026-01-20,Kolkata Park Street,Kolkata,West Bengal,East,Priya Sen,Beauty,Perfume,4,1722.38,5,-6545.04,4200,-10745.04,Debit Card,Returned,3.0
ORD01064,2026-05-22,Mumbai Andheri,Mumbai,Maharashtra,West,Neha Kapoor,Beauty,Perfume,1,1759.96,10,1583.96,1050,533.96,UPI,Completed,3.8
ORD01065,2026-01-06,Bengaluru MG Road,Bengaluru,Karnataka,South,Vikram Rao,Electronics,Smartwatch,2,4628.04,0,-9256.08,5800,-15056.08,Debit Card,Returned,4.9
ORD01066,2026-08-05,Lucknow Hazratganj,Lucknow,Uttar Pradesh,North,Sanjay Singh,Grocery,Rice 5kg,2,627.08,5,1191.45,1020,171.45,Credit Card,Completed,3.4
ORD01067,2026-08-21,Bengaluru MG Road,Bengaluru,Karnataka,South,Vikram Rao,Beauty,Shampoo,3,451.77,20,-1084.25,870,-1954.25,Net Banking,Returned,3.6
ORD01068,2026-04-28,Jaipur Central,Jaipur,Rajasthan,West,Rajesh Sharma,Grocery,Rice 5kg,4,664.35,0,2657.4,2040,617.4,Net Banking,Completed,3.6
ORD01069,2026-05-10,Delhi Connaught,Delhi,Delhi,North,Amit Verma,Beauty,Perfume,2,1827.85,20,2924.56,2100,824.56,Cash,Completed,3.8
ORD01070,2026-08-01,Chennai T Nagar,Chennai,Tamil Nadu,South,Karthik Iyer,Home & Kitchen,Dinner Set,1,2377.27,5,2258.41,1550,708.41,UPI,Completed,4.2
ORD01071,2026-07-31,Hyderabad Banjara,Hyderabad,Telangana,South,Anjali Reddy,Home & Kitchen,Coffee Maker,5,5082.75,0,0.0,18000,0.0,Debit Card,Cancelled,
ORD01072,2026-01-26,Chennai T Nagar,Chennai,Tamil Nadu,South,Karthik Iyer,Grocery,Rice 5kg,2,622.27,5,1182.31,1020,162.31,Net Banking,Completed,5.0
ORD01073,2026-06-21,Delhi Connaught,Delhi,Delhi,North,Amit Verma,Electronics,Smartwatch,4,4432.57,0,17730.28,11600,6130.28,Cash,Completed,3.5
ORD01074,2026-08-13,Chennai T Nagar,Chennai,Tamil Nadu,South,Karthik Iyer,Beauty,Shampoo,6,437.26,10,2361.2,1740,621.2,Debit Card,Completed,4.4
ORD01075,2026-05-11,Chennai T Nagar,Chennai,Tamil Nadu,South,Karthik Iyer,Grocery,Tea 500g,3,288.56,5,822.4,630,192.4,Net Banking,Completed,4.7
ORD01076,2026-06-19,Hyderabad Banjara,Hyderabad,Telangana,South,Anjali Reddy,Electronics,Smartwatch,5,4426.24,10,19918.08,14500,5418.08,Credit Card,Completed,4.1
ORD01077,2026-04-27,Lucknow Hazratganj,Lucknow,Uttar Pradesh,North,Sanjay Singh,Clothing,T-Shirt,1,882.98,10,0.0,500,0.0,Credit Card,Cancelled,
ORD01078,2026-06-13,Mumbai Andheri,Mumbai,Maharashtra,West,Neha Kapoor,Electronics,Laptop,3,55960.3,5,159486.86,126000,33486.86,UPI,Completed,3.2
ORD01079,2026-01-11,Kolkata Park Street,Kolkata,West Bengal,East,Priya Sen,Home & Kitchen,Coffee Maker,2,5219.99,0,10439.98,7200,3239.98,UPI,Completed,4.0
ORD01080,2026-01-08,Bengaluru MG Road,Bengaluru,Karnataka,South,Vikram Rao,Electronics,Headphones,4,1824.62,15,6203.71,4400,1803.71,UPI,Completed,3.5
ORD01081,2026-03-26,Delhi Connaught,Delhi,Delhi,North,Amit Verma,Clothing,Jeans,1,1878.3,20,1502.64,1050,452.64,Debit Card,Completed,4.8
ORD01082,2026-04-11,Lucknow Hazratganj,Lucknow,Uttar Pradesh,North,Sanjay Singh,Grocery,Rice 5kg,5,647.29,0,3236.45,2550,686.45,Net Banking,Completed,4.5
ORD01083,2026-04-10,Mumbai Andheri,Mumbai,Maharashtra,West,Neha Kapoor,Grocery,Rice 5kg,1,625.8,20,500.64,510,-9.36,Debit Card,Completed,3.7
ORD01084,2026-03-21,Jaipur Central,Jaipur,Rajasthan,West,Rajesh Sharma,Clothing,Sneakers,2,4077.66,10,7339.79,5200,2139.79,Net Banking,Completed,3.9
ORD01085,2026-06-28,Lucknow Hazratganj,Lucknow,Uttar Pradesh,North,Sanjay Singh,Home & Kitchen,Water Bottle,6,729.65,0,4377.9,2400,1977.9,Credit Card,Completed,3.4
ORD01086,2026-03-29,Kolkata Park Street,Kolkata,West Bengal,East,Priya Sen,Beauty,Face Wash,4,366.87,5,1394.11,880,514.11,Cash,Completed,3.9
ORD01087,2026-04-06,Mumbai Andheri,Mumbai,Maharashtra,West,Neha Kapoor,Home & Kitchen,Mixer Grinder,6,3765.44,10,20333.38,16200,4133.38,Cash,Completed,4.9
ORD01088,2026-03-05,Delhi Connaught,Delhi,Delhi,North,Amit Verma,Clothing,T-Shirt,5,926.12,5,-4399.07,2500,-6899.07,UPI,Returned,4.8
ORD01089,2026-05-13,Jaipur Central,Jaipur,Rajasthan,West,Rajesh Sharma,Beauty,Moisturizer,2,561.4,10,1010.52,680,330.52,Net Banking,Completed,3.5
ORD01090,2026-04-25,Delhi Connaught,Delhi,Delhi,North,Amit Verma,Home & Kitchen,Dinner Set,3,2308.67,10,0.0,4650,0.0,Net Banking,Cancelled,
ORD01091,2026-08-12,Kolkata Park Street,Kolkata,West Bengal,East,Priya Sen,Beauty,Face Wash,4,357.03,5,1356.71,880,476.71,UPI,Completed,4.3
ORD01092,2026-02-16,Mumbai Andheri,Mumbai,Maharashtra,West,Neha Kapoor,Beauty,Shampoo,3,465.57,5,1326.87,870,456.87,Net Banking,Completed,3.5
ORD01093,2026-03-18,Jaipur Central,Jaipur,Rajasthan,West,Rajesh Sharma,Beauty,Perfume,1,1808.72,5,0.0,1050,0.0,Net Banking,Cancelled,
ORD01094,2026-04-08,Mumbai Andheri,Mumbai,Maharashtra,West,Neha Kapoor,Grocery,Biscuits Pack,6,95.91,5,546.69,432,114.69,Cash,Completed,4.9
ORD01095,2026-08-21,Chennai T Nagar,Chennai,Tamil Nadu,South,Karthik Iyer,Beauty,Face Wash,6,357.75,0,2146.5,1320,826.5,Debit Card,Completed,3.7
ORD01096,2026-06-22,Delhi Connaught,Delhi,Delhi,North,Amit Verma,Clothing,T-Shirt,3,902.14,5,2571.1,1500,1071.1,Debit Card,Completed,4.3
ORD01097,2026-06-27,Chennai T Nagar,Chennai,Tamil Nadu,South,Karthik Iyer,Electronics,Headphones,3,1858.1,20,4459.44,3300,1159.44,Net Banking,Completed,4.0
ORD01098,2026-01-21,Kolkata Park Street,Kolkata,West Bengal,East,Priya Sen,Electronics,Smartphone,2,20910.5,0,0.0,32000,0.0,Debit Card,Cancelled,
ORD01099,2026-02-24,Chennai T Nagar,Chennai,Tamil Nadu,South,Karthik Iyer,Beauty,Perfume,1,1820.15,15,1547.13,1050,497.13,Credit Card,Completed,4.9
ORD01100,2026-06-17,Mumbai Andheri,Mumbai,Maharashtra,West,Neha Kapoor,Electronics,Laptop,4,53545.21,5,203471.8,168000,35471.8,Cash,Completed,4.2
ORD01101,2026-08-07,Jaipur Central,Jaipur,Rajasthan,West,Rajesh Sharma,Home & Kitchen,Dinner Set,5,2453.74,20,9814.96,7750,2064.96,Net Banking,Completed,4.2
ORD01102,2026-05-10,Bengaluru MG Road,Bengaluru,Karnataka,South,Vikram Rao,Home & Kitchen,Coffee Maker,4,5140.82,15,0.0,14400,0.0,Credit Card,Cancelled,
ORD01103,2026-08-23,Bengaluru MG Road,Bengaluru,Karnataka,South,Vikram Rao,Grocery,Rice 5kg,5,668.33,0,3341.65,2550,791.65,Net Banking,Completed,4.9
ORD01104,2026-07-24,Kolkata Park Street,Kolkata,West Bengal,East,Priya Sen,Clothing,Jacket,2,3212.72,10,5782.9,3800,1982.9,Cash,Completed,3.1
ORD01105,2026-03-07,Lucknow Hazratganj,Lucknow,Uttar Pradesh,North,Sanjay Singh,Grocery,Tea 500g,5,270.29,5,1283.88,1050,233.88,Debit Card,Completed,4.1
ORD01106,2026-07-05,Kolkata Park Street,Kolkata,West Bengal,East,Priya Sen,Beauty,Face Wash,1,333.36,5,316.69,220,96.69,UPI,Completed,4.0
ORD01107,2026-06-18,Chennai T Nagar,Chennai,Tamil Nadu,South,Karthik Iyer,Beauty,Shampoo,3,439.27,0,1317.81,870,447.81,Cash,Completed,3.4
ORD01108,2026-01-30,Lucknow Hazratganj,Lucknow,Uttar Pradesh,North,Sanjay Singh,Clothing,Jacket,3,3202.87,0,0.0,5700,0.0,Net Banking,Cancelled,
ORD01109,2026-01-16,Hyderabad Banjara,Hyderabad,Telangana,South,Anjali Reddy,Electronics,Smartphone,2,22866.07,5,43445.53,32000,11445.53,Net Banking,Completed,4.2
ORD01110,2026-08-08,Bengaluru MG Road,Bengaluru,Karnataka,South,Vikram Rao,Electronics,Smartwatch,4,4566.31,0,18265.24,11600,6665.24,Debit Card,Completed,4.0
ORD01111,2026-04-08,Mumbai Andheri,Mumbai,Maharashtra,West,Neha Kapoor,Grocery,Rice 5kg,4,635.34,5,2414.29,2040,374.29,Debit Card,Completed,3.9
ORD01112,2026-02-15,Chennai T Nagar,Chennai,Tamil Nadu,South,Karthik Iyer,Beauty,Shampoo,4,460.15,0,1840.6,1160,680.6,Credit Card,Completed,3.3
ORD01113,2026-04-30,Delhi Connaught,Delhi,Delhi,North,Amit Verma,Beauty,Face Wash,4,336.52,10,1211.47,880,331.47,Cash,Completed,4.7
ORD01114,2026-05-17,Lucknow Hazratganj,Lucknow,Uttar Pradesh,North,Sanjay Singh,Home & Kitchen,Coffee Maker,1,5151.44,20,4121.15,3600,521.15,Net Banking,Completed,3.4
ORD01115,2026-01-26,Mumbai Andheri,Mumbai,Maharashtra,West,Neha Kapoor,Clothing,Jacket,5,3052.84,0,15264.2,9500,5764.2,Net Banking,Completed,4.1
ORD01116,2026-07-24,Jaipur Central,Jaipur,Rajasthan,West,Rajesh Sharma,Clothing,Jacket,6,3120.82,5,17788.67,11400,6388.67,Debit Card,Completed,3.9
ORD01117,2026-04-15,Kolkata Park Street,Kolkata,West Bengal,East,Priya Sen,Beauty,Moisturizer,1,565.88,10,509.29,340,169.29,UPI,Completed,3.5
ORD01118,2026-06-20,Mumbai Andheri,Mumbai,Maharashtra,West,Neha Kapoor,Clothing,Jacket,1,3079.64,20,2463.71,1900,563.71,Net Banking,Completed,4.0
ORD01119,2026-08-23,Mumbai Andheri,Mumbai,Maharashtra,West,Neha Kapoor,Clothing,Jacket,5,3076.02,5,14611.09,9500,5111.09,Credit Card,Completed,4.1
ORD01120,2026-08-12,Kolkata Park Street,Kolkata,West Bengal,East,Priya Sen,Home & Kitchen,Dinner Set,3,2305.45,5,-6570.53,4650,-11220.53,Net Banking,Returned,4.2
ORD01121,2026-06-17,Chennai T Nagar,Chennai,Tamil Nadu,South,Karthik Iyer,Beauty,Perfume,2,1875.77,15,3188.81,2100,1088.81,Credit Card,Completed,4.0
ORD01122,2026-01-06,Kolkata Park Street,Kolkata,West Bengal,East,Priya Sen,Clothing,T-Shirt,5,904.5,15,3844.12,2500,1344.12,Credit Card,Completed,3.8
ORD01123,2026-06-23,Chennai T Nagar,Chennai,Tamil Nadu,South,Karthik Iyer,Electronics,Headphones,2,1749.49,5,3324.03,2200,1124.03,Net Banking,Completed,4.6
ORD01124,2026-07-31,Hyderabad Banjara,Hyderabad,Telangana,South,Anjali Reddy,Home & Kitchen,Coffee Maker,2,5193.02,20,8308.83,7200,1108.83,Debit Card,Completed,4.0
ORD01125,2026-03-21,Chennai T Nagar,Chennai,Tamil Nadu,South,Karthik Iyer,Beauty,Face Wash,1,358.28,10,322.45,220,102.45,UPI,Completed,3.9
ORD01126,2026-05-17,Kolkata Park Street,Kolkata,West Bengal,East,Priya Sen,Clothing,Jacket,2,3273.06,10,5891.51,3800,2091.51,Credit Card,Completed,5.0
ORD01127,2026-08-29,Delhi Connaught,Delhi,Delhi,North,Amit Verma,Home & Kitchen,Mixer Grinder,3,3651.0,10,9857.7,8100,1757.7,Net Banking,Completed,3.7
ORD01128,2026-01-14,Bengaluru MG Road,Bengaluru,Karnataka,South,Vikram Rao,Grocery,Biscuits Pack,4,97.77,20,312.86,288,24.86,Cash,Completed,4.3
ORD01129,2026-03-19,Delhi Connaught,Delhi,Delhi,North,Amit Verma,Electronics,Laptop,2,55664.76,5,105763.04,84000,21763.04,Net Banking,Completed,3.3
ORD01130,2026-03-05,Kolkata Park Street,Kolkata,West Bengal,East,Priya Sen,Home & Kitchen,Mixer Grinder,1,3746.62,10,3371.96,2700,671.96,Credit Card,Completed,4.1
ORD01131,2026-03-12,Delhi Connaught,Delhi,Delhi,North,Amit Verma,Electronics,Laptop,5,53043.72,10,238696.74,210000,28696.74,Credit Card,Completed,4.9
ORD01132,2026-04-30,Bengaluru MG Road,Bengaluru,Karnataka,South,Vikram Rao,Electronics,Laptop,3,56166.34,20,134799.22,126000,8799.22,Net Banking,Completed,3.1
ORD01133,2026-04-15,Jaipur Central,Jaipur,Rajasthan,West,Rajesh Sharma,Electronics,Smartphone,4,21287.54,0,85150.16,64000,21150.16,Net Banking,Completed,4.0
ORD01134,2026-05-13,Mumbai Andheri,Mumbai,Maharashtra,West,Neha Kapoor,Grocery,Biscuits Pack,4,101.7,10,366.12,288,78.12,Credit Card,Completed,4.1
ORD01135,2026-01-05,Mumbai Andheri,Mumbai,Maharashtra,West,Neha Kapoor,Beauty,Perfume,1,1865.8,20,-1492.64,1050,-2542.64,UPI,Returned,3.1
ORD01136,2026-06-12,Hyderabad Banjara,Hyderabad,Telangana,South,Anjali Reddy,Grocery,Tea 500g,4,271.93,5,1033.33,840,193.33,Net Banking,Completed,3.6
ORD01137,2026-07-20,Delhi Connaught,Delhi,Delhi,North,Amit Verma,Beauty,Shampoo,2,472.38,0,944.76,580,364.76,Cash,Completed,4.1
ORD01138,2026-03-23,Delhi Connaught,Delhi,Delhi,North,Amit Verma,Grocery,Biscuits Pack,6,104.54,10,564.52,432,132.52,Credit Card,Completed,4.0
ORD01139,2026-01-19,Chennai T Nagar,Chennai,Tamil Nadu,South,Karthik Iyer,Electronics,Smartwatch,4,4607.03,0,18428.12,11600,6828.12,UPI,Completed,3.6
ORD01140,2026-06-30,Hyderabad Banjara,Hyderabad,Telangana,South,Anjali Reddy,Home & Kitchen,Mixer Grinder,3,3691.2,15,9412.56,8100,1312.56,Debit Card,Completed,3.4
ORD01141,2026-04-22,Bengaluru MG Road,Bengaluru,Karnataka,South,Vikram Rao,Grocery,Rice 5kg,3,667.53,15,1702.2,1530,172.2,Credit Card,Completed,4.7
ORD01142,2026-01-01,Jaipur Central,Jaipur,Rajasthan,West,Rajesh Sharma,Grocery,Biscuits Pack,2,99.17,5,188.42,144,44.42,Credit Card,Completed,3.9
ORD01143,2026-05-17,Hyderabad Banjara,Hyderabad,Telangana,South,Anjali Reddy,Clothing,Jacket,5,3091.81,20,-12367.24,9500,-21867.24,Net Banking,Returned,4.5
ORD01144,2026-04-13,Chennai T Nagar,Chennai,Tamil Nadu,South,Karthik Iyer,Home & Kitchen,Dinner Set,5,2513.18,15,10681.01,7750,2931.01,UPI,Completed,3.9
ORD01145,2026-02-16,Kolkata Park Street,Kolkata,West Bengal,East,Priya Sen,Electronics,Headphones,3,1749.92,10,0.0,3300,0.0,Credit Card,Cancelled,
ORD01146,2026-01-18,Lucknow Hazratganj,Lucknow,Uttar Pradesh,North,Sanjay Singh,Clothing,Jeans,1,1790.53,0,1790.53,1050,740.53,Cash,Completed,4.6
ORD01147,2026-06-23,Mumbai Andheri,Mumbai,Maharashtra,West,Neha Kapoor,Beauty,Perfume,5,1836.93,15,7806.95,5250,2556.95,Net Banking,Completed,4.8
ORD01148,2026-03-30,Jaipur Central,Jaipur,Rajasthan,West,Rajesh Sharma,Clothing,Sneakers,5,4183.18,5,19870.1,13000,6870.1,Debit Card,Completed,4.5
ORD01149,2026-07-06,Jaipur Central,Jaipur,Rajasthan,West,Rajesh Sharma,Electronics,Headphones,6,1797.66,5,10246.66,6600,3646.66,Debit Card,Completed,4.2
ORD01150,2026-06-14,Bengaluru MG Road,Bengaluru,Karnataka,South,Vikram Rao,Clothing,Jacket,5,3336.72,0,16683.6,9500,7183.6,Cash,Completed,3.6
ORD01151,2026-06-02,Hyderabad Banjara,Hyderabad,Telangana,South,Anjali Reddy,Beauty,Perfume,6,1808.41,0,10850.46,6300,4550.46,UPI,Completed,4.5
ORD01152,2026-05-11,Hyderabad Banjara,Hyderabad,Telangana,South,Anjali Reddy,Electronics,Laptop,2,57317.95,10,-103172.31,84000,-187172.31,Cash,Returned,5.0
ORD01153,2026-02-28,Kolkata Park Street,Kolkata,West Bengal,East,Priya Sen,Beauty,Perfume,3,1756.33,0,5268.99,3150,2118.99,Credit Card,Completed,3.0
ORD01154,2026-07-27,Mumbai Andheri,Mumbai,Maharashtra,West,Neha Kapoor,Electronics,Smartwatch,5,4694.98,20,18779.92,14500,4279.92,Net Banking,Completed,4.9
ORD01155,2026-06-26,Jaipur Central,Jaipur,Rajasthan,West,Rajesh Sharma,Electronics,Laptop,2,56925.15,5,108157.79,84000,24157.79,Net Banking,Completed,3.6
ORD01156,2026-05-23,Bengaluru MG Road,Bengaluru,Karnataka,South,Vikram Rao,Grocery,Tea 500g,4,275.16,5,1045.61,840,205.61,Net Banking,Completed,3.1
ORD01157,2026-06-23,Bengaluru MG Road,Bengaluru,Karnataka,South,Vikram Rao,Electronics,Smartphone,1,21758.38,15,0.0,16000,0.0,Credit Card,Cancelled,
ORD01158,2026-08-13,Mumbai Andheri,Mumbai,Maharashtra,West,Neha Kapoor,Electronics,Smartphone,4,22494.55,15,76481.47,64000,12481.47,Credit Card,Completed,3.3
ORD01159,2026-06-23,Hyderabad Banjara,Hyderabad,Telangana,South,Anjali Reddy,Electronics,Smartphone,6,21201.89,0,127211.34,96000,31211.34,Cash,Completed,3.4
ORD01160,2026-07-19,Chennai T Nagar,Chennai,Tamil Nadu,South,Karthik Iyer,Electronics,Smartwatch,4,4554.84,0,18219.36,11600,6619.36,Debit Card,Completed,3.8
ORD01161,2026-08-09,Mumbai Andheri,Mumbai,Maharashtra,West,Neha Kapoor,Home & Kitchen,Water Bottle,3,709.7,0,2129.1,1200,929.1,UPI,Completed,5.0
ORD01162,2026-03-28,Hyderabad Banjara,Hyderabad,Telangana,South,Anjali Reddy,Electronics,Smartwatch,4,4539.26,15,15433.48,11600,3833.48,Debit Card,Completed,4.4
ORD01163,2026-01-28,Mumbai Andheri,Mumbai,Maharashtra,West,Neha Kapoor,Grocery,Biscuits Pack,2,103.21,5,196.1,144,52.1,Credit Card,Completed,3.2
ORD01164,2026-08-10,Lucknow Hazratganj,Lucknow,Uttar Pradesh,North,Sanjay Singh,Electronics,Smartwatch,4,4372.55,5,16615.69,11600,5015.69,UPI,Completed,3.9
ORD01165,2026-02-08,Chennai T Nagar,Chennai,Tamil Nadu,South,Karthik Iyer,Home & Kitchen,Dinner Set,5,2484.45,10,11180.02,7750,3430.02,Cash,Completed,4.4
ORD01166,2026-01-31,Kolkata Park Street,Kolkata,West Bengal,East,Priya Sen,Electronics,Smartphone,1,22332.9,5,21216.26,16000,5216.26,Credit Card,Completed,4.8
ORD01167,2026-03-14,Bengaluru MG Road,Bengaluru,Karnataka,South,Vikram Rao,Grocery,Tea 500g,6,291.35,5,1660.7,1260,400.7,UPI,Completed,4.1
ORD01168,2026-06-15,Hyderabad Banjara,Hyderabad,Telangana,South,Anjali Reddy,Home & Kitchen,Water Bottle,2,675.73,5,1283.89,800,483.89,Cash,Completed,4.3
ORD01169,2026-08-17,Hyderabad Banjara,Hyderabad,Telangana,South,Anjali Reddy,Beauty,Shampoo,3,442.04,10,1193.51,870,323.51,Credit Card,Completed,4.5
ORD01170,2026-06-16,Hyderabad Banjara,Hyderabad,Telangana,South,Anjali Reddy,Clothing,Jacket,3,3220.6,20,7729.44,5700,2029.44,Net Banking,Completed,3.9
ORD01171,2026-07-08,Lucknow Hazratganj,Lucknow,Uttar Pradesh,North,Sanjay Singh,Clothing,Sneakers,5,4153.71,10,18691.69,13000,5691.69,UPI,Completed,3.9
ORD01172,2026-05-22,Jaipur Central,Jaipur,Rajasthan,West,Rajesh Sharma,Clothing,T-Shirt,6,870.26,0,5221.56,3000,2221.56,Net Banking,Completed,3.5
ORD01173,2026-07-13,Bengaluru MG Road,Bengaluru,Karnataka,South,Vikram Rao,Beauty,Perfume,2,1843.13,20,2949.01,2100,849.01,Cash,Completed,4.3
ORD01174,2026-05-30,Hyderabad Banjara,Hyderabad,Telangana,South,Anjali Reddy,Beauty,Moisturizer,5,541.42,15,2301.03,1700,601.03,Net Banking,Completed,4.1
ORD01175,2026-06-09,Delhi Connaught,Delhi,Delhi,North,Amit Verma,Beauty,Moisturizer,6,576.19,0,3457.14,2040,1417.14,Net Banking,Completed,3.8
ORD01176,2026-07-31,Chennai T Nagar,Chennai,Tamil Nadu,South,Karthik Iyer,Clothing,Jacket,1,3057.97,10,2752.17,1900,852.17,Credit Card,Completed,3.2
ORD01177,2026-01-13,Hyderabad Banjara,Hyderabad,Telangana,South,Anjali Reddy,Electronics,Smartwatch,6,4415.9,0,26495.4,17400,9095.4,Debit Card,Completed,3.6
ORD01178,2026-05-04,Hyderabad Banjara,Hyderabad,Telangana,South,Anjali Reddy,Beauty,Face Wash,4,358.66,5,1362.91,880,482.91,UPI,Completed,4.0
ORD01179,2026-06-12,Lucknow Hazratganj,Lucknow,Uttar Pradesh,North,Sanjay Singh,Electronics,Smartwatch,5,4362.0,10,19629.0,14500,5129.0,Credit Card,Completed,3.8
ORD01180,2026-06-15,Bengaluru MG Road,Bengaluru,Karnataka,South,Vikram Rao,Grocery,Rice 5kg,3,629.7,5,1794.64,1530,264.64,Credit Card,Completed,4.0
ORD01181,2026-08-12,Kolkata Park Street,Kolkata,West Bengal,East,Priya Sen,Clothing,Sneakers,6,4188.6,10,22618.44,15600,7018.44,Credit Card,Completed,4.1
ORD01182,2026-04-01,Kolkata Park Street,Kolkata,West Bengal,East,Priya Sen,Grocery,Cooking Oil 1L,5,151.96,10,683.82,600,83.82,Debit Card,Completed,4.0
ORD01183,2026-08-03,Chennai T Nagar,Chennai,Tamil Nadu,South,Karthik Iyer,Beauty,Shampoo,1,471.04,20,376.83,290,86.83,Net Banking,Completed,4.5
ORD01184,2026-02-07,Mumbai Andheri,Mumbai,Maharashtra,West,Neha Kapoor,Grocery,Biscuits Pack,3,104.62,10,282.47,216,66.47,Credit Card,Completed,3.1
ORD01185,2026-07-30,Kolkata Park Street,Kolkata,West Bengal,East,Priya Sen,Home & Kitchen,Mixer Grinder,5,3795.05,5,18026.49,13500,4526.49,Credit Card,Completed,3.0
ORD01186,2026-05-10,Mumbai Andheri,Mumbai,Maharashtra,West,Neha Kapoor,Home & Kitchen,Coffee Maker,6,5017.08,15,25587.11,21600,3987.11,Cash,Completed,3.1
ORD01187,2026-07-13,Bengaluru MG Road,Bengaluru,Karnataka,South,Vikram Rao,Electronics,Headphones,6,1724.0,5,9826.8,6600,3226.8,Cash,Completed,4.6
ORD01188,2026-02-08,Bengaluru MG Road,Bengaluru,Karnataka,South,Vikram Rao,Clothing,Jacket,5,3213.48,10,14460.66,9500,4960.66,UPI,Completed,4.2
ORD01189,2026-02-23,Delhi Connaught,Delhi,Delhi,North,Amit Verma,Electronics,Laptop,6,56236.74,0,337420.44,252000,85420.44,Credit Card,Completed,4.2
ORD01190,2026-01-23,Delhi Connaught,Delhi,Delhi,North,Amit Verma,Beauty,Moisturizer,5,559.56,5,2657.91,1700,957.91,Cash,Completed,4.5
ORD01191,2026-08-27,Lucknow Hazratganj,Lucknow,Uttar Pradesh,North,Sanjay Singh,Electronics,Smartwatch,4,4685.4,5,17804.52,11600,6204.52,Cash,Completed,4.5
ORD01192,2026-01-03,Bengaluru MG Road,Bengaluru,Karnataka,South,Vikram Rao,Grocery,Biscuits Pack,2,101.77,15,173.01,144,29.01,Credit Card,Completed,3.5
ORD01193,2026-08-04,Jaipur Central,Jaipur,Rajasthan,West,Rajesh Sharma,Clothing,Jacket,3,3089.68,5,8805.59,5700,3105.59,Credit Card,Completed,4.2
ORD01194,2026-02-20,Delhi Connaught,Delhi,Delhi,North,Amit Verma,Beauty,Moisturizer,2,566.15,20,905.84,680,225.84,Cash,Completed,3.2
ORD01195,2026-08-25,Bengaluru MG Road,Bengaluru,Karnataka,South,Vikram Rao,Beauty,Face Wash,5,355.86,15,1512.41,1100,412.41,Cash,Completed,4.5
ORD01196,2026-03-23,Chennai T Nagar,Chennai,Tamil Nadu,South,Karthik Iyer,Beauty,Face Wash,6,336.54,0,2019.24,1320,699.24,Cash,Completed,4.2
ORD01197,2026-01-18,Bengaluru MG Road,Bengaluru,Karnataka,South,Vikram Rao,Clothing,Jeans,5,1815.1,5,8621.73,5250,3371.73,Credit Card,Completed,4.8
ORD01198,2026-07-24,Hyderabad Banjara,Hyderabad,Telangana,South,Anjali Reddy,Clothing,Jeans,5,1837.75,0,9188.75,5250,3938.75,UPI,Completed,4.8
ORD01199,2026-03-28,Lucknow Hazratganj,Lucknow,Uttar Pradesh,North,Sanjay Singh,Clothing,T-Shirt,4,911.71,5,3464.5,2000,1464.5,Cash,Completed,4.9
ORD01200,2026-02-18,Lucknow Hazratganj,Lucknow,Uttar Pradesh,North,Sanjay Singh,Beauty,Moisturizer,4,567.99,10,2044.76,1360,684.76,Debit Card,Completed,3.8
ORD01201,2026-08-11,Mumbai Andheri,Mumbai,Maharashtra,West,Neha Kapoor,Grocery,Biscuits Pack,4,98.91,10,356.08,288,68.08,UPI,Completed,4.4
ORD01202,2026-08-22,Delhi Connaught,Delhi,Delhi,North,Amit Verma,Grocery,Rice 5kg,3,666.67,0,2000.01,1530,470.01,Cash,Completed,4.9
ORD01203,2026-04-29,Jaipur Central,Jaipur,Rajasthan,West,Rajesh Sharma,Clothing,T-Shirt,6,883.07,15,4503.66,3000,1503.66,UPI,Completed,3.7
ORD01204,2026-04-25,Hyderabad Banjara,Hyderabad,Telangana,South,Anjali Reddy,Home & Kitchen,Coffee Maker,6,5192.69,0,31156.14,21600,9556.14,UPI,Completed,4.0
ORD01205,2026-07-06,Hyderabad Banjara,Hyderabad,Telangana,South,Anjali Reddy,Home & Kitchen,Water Bottle,3,729.33,5,2078.59,1200,878.59,Net Banking,Completed,4.0
ORD01206,2026-01-31,Mumbai Andheri,Mumbai,Maharashtra,West,Neha Kapoor,Electronics,Laptop,2,53001.68,5,100703.19,84000,16703.19,Net Banking,Completed,4.6
ORD01207,2026-02-15,Mumbai Andheri,Mumbai,Maharashtra,West,Neha Kapoor,Electronics,Smartphone,4,21656.91,15,73633.49,64000,9633.49,Cash,Completed,3.0
ORD01208,2026-08-10,Hyderabad Banjara,Hyderabad,Telangana,South,Anjali Reddy,Electronics,Laptop,2,57461.56,15,97684.65,84000,13684.65,Net Banking,Completed,4.6
ORD01209,2026-08-09,Kolkata Park Street,Kolkata,West Bengal,East,Priya Sen,Beauty,Perfume,2,1819.73,15,3093.54,2100,993.54,Debit Card,Completed,4.6
ORD01210,2026-02-27,Mumbai Andheri,Mumbai,Maharashtra,West,Neha Kapoor,Home & Kitchen,Water Bottle,2,706.29,20,0.0,800,0.0,Debit Card,Cancelled,
ORD01211,2026-07-02,Delhi Connaught,Delhi,Delhi,North,Amit Verma,Grocery,Rice 5kg,3,654.98,15,1670.2,1530,140.2,Net Banking,Completed,3.0
ORD01212,2026-08-22,Mumbai Andheri,Mumbai,Maharashtra,West,Neha Kapoor,Grocery,Biscuits Pack,5,97.53,5,463.27,360,103.27,UPI,Completed,4.2
ORD01213,2026-06-24,Lucknow Hazratganj,Lucknow,Uttar Pradesh,North,Sanjay Singh,Grocery,Tea 500g,1,288.26,20,230.61,210,20.61,UPI,Completed,4.3
ORD01214,2026-03-01,Lucknow Hazratganj,Lucknow,Uttar Pradesh,North,Sanjay Singh,Clothing,T-Shirt,4,932.53,5,3543.61,2000,1543.61,UPI,Completed,4.2
ORD01215,2026-06-16,Jaipur Central,Jaipur,Rajasthan,West,Rajesh Sharma,Grocery,Tea 500g,4,290.67,0,1162.68,840,322.68,Debit Card,Completed,3.3
ORD01216,2026-07-21,Hyderabad Banjara,Hyderabad,Telangana,South,Anjali Reddy,Clothing,Jeans,6,1757.46,15,8963.05,6300,2663.05,Credit Card,Completed,3.7
ORD01217,2026-08-28,Hyderabad Banjara,Hyderabad,Telangana,South,Anjali Reddy,Electronics,Smartwatch,6,4279.97,10,0.0,17400,0.0,Cash,Cancelled,
ORD01218,2026-07-13,Hyderabad Banjara,Hyderabad,Telangana,South,Anjali Reddy,Clothing,T-Shirt,5,880.39,20,3521.56,2500,1021.56,Cash,Completed,3.4
ORD01219,2026-05-31,Bengaluru MG Road,Bengaluru,Karnataka,South,Vikram Rao,Grocery,Cooking Oil 1L,1,146.98,5,139.63,120,19.63,Credit Card,Completed,4.5
ORD01220,2026-05-31,Delhi Connaught,Delhi,Delhi,North,Amit Verma,Beauty,Shampoo,3,438.77,10,1184.68,870,314.68,Credit Card,Completed,3.9
ORD01221,2026-02-06,Kolkata Park Street,Kolkata,West Bengal,East,Priya Sen,Beauty,Perfume,5,1776.84,15,7551.57,5250,2301.57,Debit Card,Completed,3.4
ORD01222,2026-04-13,Lucknow Hazratganj,Lucknow,Uttar Pradesh,North,Sanjay Singh,Clothing,Sneakers,2,4353.2,0,8706.4,5200,3506.4,Credit Card,Completed,4.7
ORD01223,2026-04-15,Bengaluru MG Road,Bengaluru,Karnataka,South,Vikram Rao,Home & Kitchen,Coffee Maker,6,5176.46,10,27952.88,21600,6352.88,Net Banking,Completed,4.8
ORD01224,2026-07-01,Lucknow Hazratganj,Lucknow,Uttar Pradesh,North,Sanjay Singh,Home & Kitchen,Dinner Set,3,2326.79,5,6631.35,4650,1981.35,Cash,Completed,4.4
ORD01225,2026-07-08,Hyderabad Banjara,Hyderabad,Telangana,South,Anjali Reddy,Beauty,Perfume,6,1881.83,0,11290.98,6300,4990.98,Net Banking,Completed,3.4
ORD01226,2026-05-01,Jaipur Central,Jaipur,Rajasthan,West,Rajesh Sharma,Electronics,Laptop,6,55678.13,5,317365.34,252000,65365.34,UPI,Completed,4.3
ORD01227,2026-04-26,Chennai T Nagar,Chennai,Tamil Nadu,South,Karthik Iyer,Beauty,Moisturizer,3,530.34,10,1431.92,1020,411.92,Debit Card,Completed,4.3
ORD01228,2026-08-06,Bengaluru MG Road,Bengaluru,Karnataka,South,Vikram Rao,Beauty,Moisturizer,4,561.66,5,2134.31,1360,774.31,Credit Card,Completed,4.3
ORD01229,2026-02-01,Hyderabad Banjara,Hyderabad,Telangana,South,Anjali Reddy,Clothing,Sneakers,6,4188.59,20,20105.23,15600,4505.23,Cash,Completed,4.2
ORD01230,2026-05-23,Kolkata Park Street,Kolkata,West Bengal,East,Priya Sen,Home & Kitchen,Coffee Maker,1,4944.88,5,4697.64,3600,1097.64,Net Banking,Completed,4.7
ORD01231,2026-05-21,Delhi Connaught,Delhi,Delhi,North,Amit Verma,Clothing,Sneakers,2,4041.44,5,7678.74,5200,2478.74,Net Banking,Completed,4.8
ORD01232,2026-01-11,Jaipur Central,Jaipur,Rajasthan,West,Rajesh Sharma,Beauty,Perfume,1,1872.32,0,1872.32,1050,822.32,Debit Card,Completed,3.5
ORD01233,2026-03-28,Chennai T Nagar,Chennai,Tamil Nadu,South,Karthik Iyer,Grocery,Tea 500g,1,266.06,0,266.06,210,56.06,Debit Card,Completed,3.4
ORD01234,2026-07-20,Bengaluru MG Road,Bengaluru,Karnataka,South,Vikram Rao,Beauty,Face Wash,3,352.02,0,1056.06,660,396.06,UPI,Completed,4.1
ORD01235,2026-03-14,Jaipur Central,Jaipur,Rajasthan,West,Rajesh Sharma,Beauty,Face Wash,1,350.27,15,297.73,220,77.73,UPI,Completed,4.0
ORD01236,2026-08-22,Bengaluru MG Road,Bengaluru,Karnataka,South,Vikram Rao,Grocery,Cooking Oil 1L,6,149.85,10,0.0,720,0.0,Debit Card,Cancelled,
ORD01237,2026-02-01,Bengaluru MG Road,Bengaluru,Karnataka,South,Vikram Rao,Home & Kitchen,Water Bottle,5,719.44,20,2877.76,2000,877.76,Debit Card,Completed,3.9
ORD01238,2026-02-02,Kolkata Park Street,Kolkata,West Bengal,East,Priya Sen,Clothing,Jeans,4,1738.83,10,6259.79,4200,2059.79,Cash,Completed,4.0
ORD01239,2026-02-22,Mumbai Andheri,Mumbai,Maharashtra,West,Neha Kapoor,Electronics,Laptop,2,53072.6,10,95530.68,84000,11530.68,Debit Card,Completed,4.6
ORD01240,2026-05-15,Hyderabad Banjara,Hyderabad,Telangana,South,Anjali Reddy,Home & Kitchen,Dinner Set,6,2368.2,5,13498.74,9300,4198.74,Credit Card,Completed,3.9
ORD01241,2026-01-26,Chennai T Nagar,Chennai,Tamil Nadu,South,Karthik Iyer,Grocery,Biscuits Pack,6,98.19,15,500.77,432,68.77,UPI,Completed,3.7
ORD01242,2026-03-07,Mumbai Andheri,Mumbai,Maharashtra,West,Neha Kapoor,Beauty,Moisturizer,1,563.02,5,534.87,340,194.87,Net Banking,Completed,3.6
ORD01243,2026-04-16,Lucknow Hazratganj,Lucknow,Uttar Pradesh,North,Sanjay Singh,Electronics,Laptop,1,54963.14,5,52214.98,42000,10214.98,Cash,Completed,4.7
ORD01244,2026-06-03,Kolkata Park Street,Kolkata,West Bengal,East,Priya Sen,Home & Kitchen,Mixer Grinder,5,3978.85,0,19894.25,13500,6394.25,UPI,Completed,3.6
ORD01245,2026-08-11,Hyderabad Banjara,Hyderabad,Telangana,South,Anjali Reddy,Beauty,Perfume,1,1719.89,15,1461.91,1050,411.91,Debit Card,Completed,4.7
ORD01246,2026-08-05,Delhi Connaught,Delhi,Delhi,North,Amit Verma,Home & Kitchen,Water Bottle,1,720.31,0,720.31,400,320.31,Net Banking,Completed,4.4
ORD01247,2026-07-27,Mumbai Andheri,Mumbai,Maharashtra,West,Neha Kapoor,Beauty,Moisturizer,5,543.61,20,2174.44,1700,474.44,Cash,Completed,4.4
ORD01248,2026-01-20,Kolkata Park Street,Kolkata,West Bengal,East,Priya Sen,Beauty,Face Wash,1,338.41,5,321.49,220,101.49,Debit Card,Completed,4.9
ORD01249,2026-06-24,Chennai T Nagar,Chennai,Tamil Nadu,South,Karthik Iyer,Clothing,Jacket,2,3300.14,10,5940.25,3800,2140.25,Credit Card,Completed,4.4
ORD01250,2026-01-24,Chennai T Nagar,Chennai,Tamil Nadu,South,Karthik Iyer,Beauty,Perfume,2,1811.43,10,3260.57,2100,1160.57,Cash,Completed,4.9
ORD01251,2026-02-01,Mumbai Andheri,Mumbai,Maharashtra,West,Neha Kapoor,Electronics,Smartphone,3,20933.07,5,59659.25,48000,11659.25,Cash,Completed,4.4
ORD01252,2026-03-20,Mumbai Andheri,Mumbai,Maharashtra,West,Neha Kapoor,Electronics,Laptop,5,57445.43,0,-287227.15,210000,-497227.15,Credit Card,Returned,3.9
ORD01253,2026-06-21,Kolkata Park Street,Kolkata,West Bengal,East,Priya Sen,Grocery,Cooking Oil 1L,6,150.17,10,810.92,720,90.92,Cash,Completed,4.4
ORD01254,2026-05-22,Mumbai Andheri,Mumbai,Maharashtra,West,Neha Kapoor,Electronics,Smartphone,2,21446.73,0,-42893.46,32000,-74893.46,Debit Card,Returned,4.2
ORD01255,2026-01-17,Bengaluru MG Road,Bengaluru,Karnataka,South,Vikram Rao,Clothing,T-Shirt,6,933.9,10,5043.06,3000,2043.06,Cash,Completed,4.6
ORD01256,2026-01-25,Jaipur Central,Jaipur,Rajasthan,West,Rajesh Sharma,Clothing,T-Shirt,3,913.12,5,2602.39,1500,1102.39,Cash,Completed,3.5
ORD01257,2026-01-15,Mumbai Andheri,Mumbai,Maharashtra,West,Neha Kapoor,Electronics,Smartphone,1,22847.72,15,19420.56,16000,3420.56,Credit Card,Completed,4.1
ORD01258,2026-06-19,Chennai T Nagar,Chennai,Tamil Nadu,South,Karthik Iyer,Electronics,Laptop,2,56967.84,10,102542.11,84000,18542.11,Credit Card,Completed,3.9
ORD01259,2026-05-29,Hyderabad Banjara,Hyderabad,Telangana,South,Anjali Reddy,Grocery,Rice 5kg,6,626.4,5,3570.48,3060,510.48,Cash,Completed,3.5
ORD01260,2026-03-01,Lucknow Hazratganj,Lucknow,Uttar Pradesh,North,Sanjay Singh,Clothing,Jacket,2,3221.65,10,-5798.97,3800,-9598.97,Net Banking,Returned,4.9
ORD01261,2026-04-11,Chennai T Nagar,Chennai,Tamil Nadu,South,Karthik Iyer,Clothing,Sneakers,1,4042.34,5,3840.22,2600,1240.22,Cash,Completed,3.7
ORD01262,2026-01-31,Chennai T Nagar,Chennai,Tamil Nadu,South,Karthik Iyer,Clothing,Jeans,4,1754.94,10,6317.78,4200,2117.78,Cash,Completed,4.5
ORD01263,2026-05-27,Bengaluru MG Road,Bengaluru,Karnataka,South,Vikram Rao,Grocery,Rice 5kg,4,620.34,10,2233.22,2040,193.22,UPI,Completed,4.3
ORD01264,2026-04-28,Hyderabad Banjara,Hyderabad,Telangana,South,Anjali Reddy,Beauty,Shampoo,1,453.03,10,407.73,290,117.73,Debit Card,Completed,3.7
ORD01265,2026-05-19,Lucknow Hazratganj,Lucknow,Uttar Pradesh,North,Sanjay Singh,Home & Kitchen,Water Bottle,2,679.34,15,1154.88,800,354.88,Net Banking,Completed,4.6
ORD01266,2026-06-21,Kolkata Park Street,Kolkata,West Bengal,East,Priya Sen,Clothing,Jeans,2,1833.32,10,-3299.98,2100,-5399.98,Cash,Returned,3.6
ORD01267,2026-08-27,Chennai T Nagar,Chennai,Tamil Nadu,South,Karthik Iyer,Electronics,Headphones,3,1771.93,10,4784.21,3300,1484.21,Net Banking,Completed,3.7
ORD01268,2026-05-30,Delhi Connaught,Delhi,Delhi,North,Amit Verma,Clothing,Jacket,3,3357.43,10,-9065.06,5700,-14765.06,Cash,Returned,4.0
ORD01269,2026-03-05,Chennai T Nagar,Chennai,Tamil Nadu,South,Karthik Iyer,Home & Kitchen,Mixer Grinder,3,3785.74,20,0.0,8100,0.0,Debit Card,Cancelled,
ORD01270,2026-03-26,Jaipur Central,Jaipur,Rajasthan,West,Rajesh Sharma,Clothing,Jacket,5,3099.83,15,13174.28,9500,3674.28,Credit Card,Completed,3.1
ORD01271,2026-04-22,Lucknow Hazratganj,Lucknow,Uttar Pradesh,North,Sanjay Singh,Clothing,Jacket,4,3271.45,0,13085.8,7600,5485.8,Debit Card,Completed,4.7
ORD01272,2026-07-06,Bengaluru MG Road,Bengaluru,Karnataka,South,Vikram Rao,Grocery,Tea 500g,4,289.49,5,1100.06,840,260.06,Debit Card,Completed,4.7
ORD01273,2026-06-30,Chennai T Nagar,Chennai,Tamil Nadu,South,Karthik Iyer,Home & Kitchen,Coffee Maker,5,5099.59,10,22948.16,18000,4948.16,Cash,Completed,4.7
ORD01274,2026-07-30,Delhi Connaught,Delhi,Delhi,North,Amit Verma,Beauty,Face Wash,2,353.46,0,706.92,440,266.92,UPI,Completed,4.1
ORD01275,2026-01-25,Chennai T Nagar,Chennai,Tamil Nadu,South,Karthik Iyer,Beauty,Moisturizer,2,564.04,0,1128.08,680,448.08,UPI,Completed,3.7
ORD01276,2026-02-10,Lucknow Hazratganj,Lucknow,Uttar Pradesh,North,Sanjay Singh,Electronics,Smartwatch,3,4404.48,5,12552.77,8700,3852.77,Cash,Completed,3.2
ORD01277,2026-06-24,Delhi Connaught,Delhi,Delhi,North,Amit Verma,Clothing,Sneakers,2,4100.34,0,8200.68,5200,3000.68,Cash,Completed,3.6
ORD01278,2026-01-12,Chennai T Nagar,Chennai,Tamil Nadu,South,Karthik Iyer,Clothing,Sneakers,4,4241.76,10,15270.34,10400,4870.34,Net Banking,Completed,4.6
ORD01279,2026-05-04,Chennai T Nagar,Chennai,Tamil Nadu,South,Karthik Iyer,Grocery,Tea 500g,5,284.02,0,1420.1,1050,370.1,Net Banking,Completed,4.4
ORD01280,2026-06-24,Kolkata Park Street,Kolkata,West Bengal,East,Priya Sen,Clothing,Jeans,4,1880.64,10,6770.3,4200,2570.3,Net Banking,Completed,3.9
ORD01281,2026-08-17,Chennai T Nagar,Chennai,Tamil Nadu,South,Karthik Iyer,Clothing,Sneakers,6,4231.83,0,25390.98,15600,9790.98,Credit Card,Completed,4.5
ORD01282,2026-02-26,Jaipur Central,Jaipur,Rajasthan,West,Rajesh Sharma,Grocery,Cooking Oil 1L,1,150.32,10,135.29,120,15.29,Cash,Completed,3.4
ORD01283,2026-06-03,Jaipur Central,Jaipur,Rajasthan,West,Rajesh Sharma,Clothing,Jacket,5,3116.54,0,15582.7,9500,6082.7,UPI,Completed,3.1
ORD01284,2026-02-26,Lucknow Hazratganj,Lucknow,Uttar Pradesh,North,Sanjay Singh,Clothing,T-Shirt,6,901.24,5,5137.07,3000,2137.07,Debit Card,Completed,3.8
ORD01285,2026-01-24,Lucknow Hazratganj,Lucknow,Uttar Pradesh,North,Sanjay Singh,Clothing,T-Shirt,2,913.43,10,-1644.17,1000,-2644.17,Credit Card,Returned,3.8
ORD01286,2026-05-31,Lucknow Hazratganj,Lucknow,Uttar Pradesh,North,Sanjay Singh,Electronics,Laptop,3,53646.36,5,152892.13,126000,26892.13,Debit Card,Completed,3.8
ORD01287,2026-08-22,Hyderabad Banjara,Hyderabad,Telangana,South,Anjali Reddy,Grocery,Biscuits Pack,6,103.62,5,590.63,432,158.63,Net Banking,Completed,3.8
ORD01288,2026-06-25,Chennai T Nagar,Chennai,Tamil Nadu,South,Karthik Iyer,Home & Kitchen,Dinner Set,4,2448.25,5,9303.35,6200,3103.35,UPI,Completed,3.7
ORD01289,2026-01-30,Bengaluru MG Road,Bengaluru,Karnataka,South,Vikram Rao,Beauty,Face Wash,4,350.68,5,1332.58,880,452.58,Debit Card,Completed,3.4
ORD01290,2026-04-18,Kolkata Park Street,Kolkata,West Bengal,East,Priya Sen,Home & Kitchen,Water Bottle,6,690.08,0,-4140.48,2400,-6540.48,Cash,Returned,3.2
ORD01291,2026-01-16,Kolkata Park Street,Kolkata,West Bengal,East,Priya Sen,Clothing,Jacket,2,3325.03,10,5985.05,3800,2185.05,Cash,Completed,3.5
ORD01292,2026-03-21,Lucknow Hazratganj,Lucknow,Uttar Pradesh,North,Sanjay Singh,Beauty,Perfume,4,1774.58,10,6388.49,4200,2188.49,Net Banking,Completed,3.5
ORD01293,2026-06-10,Lucknow Hazratganj,Lucknow,Uttar Pradesh,North,Sanjay Singh,Electronics,Smartphone,4,21949.01,0,87796.04,64000,23796.04,Debit Card,Completed,3.8
ORD01294,2026-06-26,Lucknow Hazratganj,Lucknow,Uttar Pradesh,North,Sanjay Singh,Home & Kitchen,Coffee Maker,6,4982.95,10,26907.93,21600,5307.93,Net Banking,Completed,4.2
ORD01295,2026-02-21,Hyderabad Banjara,Hyderabad,Telangana,South,Anjali Reddy,Clothing,T-Shirt,2,857.54,5,1629.33,1000,629.33,Debit Card,Completed,3.4
ORD01296,2026-03-05,Lucknow Hazratganj,Lucknow,Uttar Pradesh,North,Sanjay Singh,Home & Kitchen,Mixer Grinder,1,3675.01,0,3675.01,2700,975.01,UPI,Completed,3.9
ORD01297,2026-08-11,Lucknow Hazratganj,Lucknow,Uttar Pradesh,North,Sanjay Singh,Electronics,Laptop,6,54830.08,10,296082.43,252000,44082.43,Debit Card,Completed,4.7
ORD01298,2026-02-05,Lucknow Hazratganj,Lucknow,Uttar Pradesh,North,Sanjay Singh,Grocery,Cooking Oil 1L,1,147.39,20,0.0,120,0.0,Debit Card,Cancelled,
ORD01299,2026-03-27,Kolkata Park Street,Kolkata,West Bengal,East,Priya Sen,Home & Kitchen,Water Bottle,4,719.15,5,2732.77,1600,1132.77,Credit Card,Completed,4.3
ORD01300,2026-08-04,Bengaluru MG Road,Bengaluru,Karnataka,South,Vikram Rao,Clothing,Sneakers,6,4294.36,0,25766.16,15600,10166.16,Net Banking,Completed,4.7
ORD01301,2026-01-31,Hyderabad Banjara,Hyderabad,Telangana,South,Anjali Reddy,Electronics,Headphones,3,1741.48,10,4702.0,3300,1402.0,Net Banking,Completed,4.3
ORD01302,2026-07-26,Delhi Connaught,Delhi,Delhi,North,Amit Verma,Grocery,Biscuits Pack,5,103.65,10,466.43,360,106.43,Cash,Completed,3.3
ORD01303,2026-01-20,Kolkata Park Street,Kolkata,West Bengal,East,Priya Sen,Grocery,Rice 5kg,3,669.38,5,1907.73,1530,377.73,Credit Card,Completed,4.1
ORD01304,2026-05-30,Mumbai Andheri,Mumbai,Maharashtra,West,Neha Kapoor,Grocery,Rice 5kg,5,651.27,5,3093.53,2550,543.53,Net Banking,Completed,4.6
ORD01305,2026-01-21,Lucknow Hazratganj,Lucknow,Uttar Pradesh,North,Sanjay Singh,Clothing,Jacket,6,3237.4,10,17481.96,11400,6081.96,Credit Card,Completed,3.4
ORD01306,2026-07-16,Chennai T Nagar,Chennai,Tamil Nadu,South,Karthik Iyer,Home & Kitchen,Dinner Set,4,2298.78,10,8275.61,6200,2075.61,Credit Card,Completed,3.7
ORD01307,2026-01-27,Delhi Connaught,Delhi,Delhi,North,Amit Verma,Grocery,Rice 5kg,5,675.53,20,2702.12,2550,152.12,UPI,Completed,4.4
ORD01308,2026-07-25,Bengaluru MG Road,Bengaluru,Karnataka,South,Vikram Rao,Home & Kitchen,Coffee Maker,5,5245.36,10,23604.12,18000,5604.12,Debit Card,Completed,4.1
ORD01309,2026-01-31,Delhi Connaught,Delhi,Delhi,North,Amit Verma,Electronics,Laptop,4,52265.53,20,167249.7,168000,-750.3,Credit Card,Completed,4.3
ORD01310,2026-01-19,Kolkata Park Street,Kolkata,West Bengal,East,Priya Sen,Home & Kitchen,Water Bottle,5,684.06,0,3420.3,2000,1420.3,Credit Card,Completed,4.8
ORD01311,2026-01-17,Jaipur Central,Jaipur,Rajasthan,West,Rajesh Sharma,Grocery,Cooking Oil 1L,3,154.44,20,-370.66,360,-730.66,Credit Card,Returned,3.5
ORD01312,2026-06-19,Mumbai Andheri,Mumbai,Maharashtra,West,Neha Kapoor,Home & Kitchen,Dinner Set,5,2345.12,0,11725.6,7750,3975.6,Credit Card,Completed,4.3
ORD01313,2026-01-20,Chennai T Nagar,Chennai,Tamil Nadu,South,Karthik Iyer,Grocery,Tea 500g,5,275.37,10,1239.16,1050,189.16,Cash,Completed,3.4
ORD01314,2026-07-16,Chennai T Nagar,Chennai,Tamil Nadu,South,Karthik Iyer,Beauty,Moisturizer,2,545.14,10,981.25,680,301.25,UPI,Completed,3.9
ORD01315,2026-06-19,Jaipur Central,Jaipur,Rajasthan,West,Rajesh Sharma,Home & Kitchen,Dinner Set,6,2375.92,10,12829.97,9300,3529.97,Cash,Completed,3.9
ORD01316,2026-04-24,Lucknow Hazratganj,Lucknow,Uttar Pradesh,North,Sanjay Singh,Clothing,Sneakers,2,4028.89,10,7252.0,5200,2052.0,Credit Card,Completed,3.8
ORD01317,2026-06-11,Jaipur Central,Jaipur,Rajasthan,West,Rajesh Sharma,Beauty,Moisturizer,2,562.47,5,1068.69,680,388.69,Debit Card,Completed,3.2
ORD01318,2026-05-31,Delhi Connaught,Delhi,Delhi,North,Amit Verma,Clothing,Jeans,6,1746.39,0,10478.34,6300,4178.34,Credit Card,Completed,4.3
ORD01319,2026-08-24,Hyderabad Banjara,Hyderabad,Telangana,South,Anjali Reddy,Electronics,Laptop,3,54723.74,0,164171.22,126000,38171.22,UPI,Completed,4.3
ORD01320,2026-03-17,Bengaluru MG Road,Bengaluru,Karnataka,South,Vikram Rao,Grocery,Cooking Oil 1L,4,151.77,5,576.73,480,96.73,Cash,Completed,4.7
ORD01321,2026-06-12,Mumbai Andheri,Mumbai,Maharashtra,West,Neha Kapoor,Clothing,T-Shirt,1,885.31,10,796.78,500,296.78,Cash,Completed,4.6
ORD01322,2026-02-11,Kolkata Park Street,Kolkata,West Bengal,East,Priya Sen,Electronics,Laptop,1,55876.01,0,55876.01,42000,13876.01,UPI,Completed,4.0
ORD01323,2026-08-08,Lucknow Hazratganj,Lucknow,Uttar Pradesh,North,Sanjay Singh,Clothing,Sneakers,5,4059.65,10,18268.42,13000,5268.42,UPI,Completed,4.0
ORD01324,2026-08-28,Hyderabad Banjara,Hyderabad,Telangana,South,Anjali Reddy,Home & Kitchen,Coffee Maker,6,4951.29,5,28222.35,21600,6622.35,Net Banking,Completed,3.5
ORD01325,2026-04-28,Chennai T Nagar,Chennai,Tamil Nadu,South,Karthik Iyer,Electronics,Smartphone,2,21950.82,5,41706.56,32000,9706.56,Cash,Completed,3.8
ORD01326,2026-06-30,Kolkata Park Street,Kolkata,West Bengal,East,Priya Sen,Clothing,T-Shirt,5,898.47,10,4043.12,2500,1543.12,UPI,Completed,3.3
ORD01327,2026-04-07,Lucknow Hazratganj,Lucknow,Uttar Pradesh,North,Sanjay Singh,Electronics,Smartphone,2,21721.8,5,41271.42,32000,9271.42,Credit Card,Completed,4.5
ORD01328,2026-06-28,Chennai T Nagar,Chennai,Tamil Nadu,South,Karthik Iyer,Electronics,Smartwatch,6,4393.78,5,25044.55,17400,7644.55,Credit Card,Completed,4.1
ORD01329,2026-05-25,Kolkata Park Street,Kolkata,West Bengal,East,Priya Sen,Grocery,Tea 500g,5,273.88,0,1369.4,1050,319.4,UPI,Completed,5.0
ORD01330,2026-06-05,Hyderabad Banjara,Hyderabad,Telangana,South,Anjali Reddy,Home & Kitchen,Dinner Set,5,2287.79,10,0.0,7750,0.0,Debit Card,Cancelled,
ORD01331,2026-01-19,Kolkata Park Street,Kolkata,West Bengal,East,Priya Sen,Home & Kitchen,Water Bottle,1,675.68,5,641.9,400,241.9,Cash,Completed,4.6
ORD01332,2026-05-06,Hyderabad Banjara,Hyderabad,Telangana,South,Anjali Reddy,Grocery,Cooking Oil 1L,5,149.78,10,674.01,600,74.01,Debit Card,Completed,4.6
ORD01333,2026-06-05,Chennai T Nagar,Chennai,Tamil Nadu,South,Karthik Iyer,Electronics,Smartwatch,2,4722.2,0,9444.4,5800,3644.4,UPI,Completed,4.8
ORD01334,2026-05-13,Kolkata Park Street,Kolkata,West Bengal,East,Priya Sen,Electronics,Laptop,3,53526.86,20,128464.46,126000,2464.46,Debit Card,Completed,3.6
ORD01335,2026-05-24,Chennai T Nagar,Chennai,Tamil Nadu,South,Karthik Iyer,Clothing,Jacket,3,3308.83,0,9926.49,5700,4226.49,Net Banking,Completed,3.4
ORD01336,2026-07-14,Bengaluru MG Road,Bengaluru,Karnataka,South,Vikram Rao,Grocery,Biscuits Pack,6,100.78,0,604.68,432,172.68,Cash,Completed,4.2
ORD01337,2026-06-15,Hyderabad Banjara,Hyderabad,Telangana,South,Anjali Reddy,Beauty,Shampoo,3,471.55,20,1131.72,870,261.72,Debit Card,Completed,3.0
ORD01338,2026-05-19,Hyderabad Banjara,Hyderabad,Telangana,South,Anjali Reddy,Electronics,Smartphone,2,21202.71,0,0.0,32000,0.0,Cash,Cancelled,
ORD01339,2026-08-01,Mumbai Andheri,Mumbai,Maharashtra,West,Neha Kapoor,Electronics,Laptop,2,53149.18,20,85038.69,84000,1038.69,Credit Card,Completed,4.7
ORD01340,2026-06-10,Kolkata Park Street,Kolkata,West Bengal,East,Priya Sen,Grocery,Biscuits Pack,6,95.04,5,-541.73,432,-973.73,UPI,Returned,3.9
ORD01341,2026-06-01,Kolkata Park Street,Kolkata,West Bengal,East,Priya Sen,Clothing,Jacket,6,3277.58,10,17698.93,11400,6298.93,Debit Card,Completed,3.7
ORD01342,2026-03-03,Delhi Connaught,Delhi,Delhi,North,Amit Verma,Grocery,Cooking Oil 1L,2,149.13,5,283.35,240,43.35,UPI,Completed,4.3
ORD01343,2026-06-21,Kolkata Park Street,Kolkata,West Bengal,East,Priya Sen,Beauty,Moisturizer,6,540.46,20,2594.21,2040,554.21,UPI,Completed,4.6
ORD01344,2026-01-31,Delhi Connaught,Delhi,Delhi,North,Amit Verma,Electronics,Smartwatch,3,4612.98,0,13838.94,8700,5138.94,Net Banking,Completed,4.3
ORD01345,2026-07-22,Lucknow Hazratganj,Lucknow,Uttar Pradesh,North,Sanjay Singh,Grocery,Biscuits Pack,5,98.84,0,494.2,360,134.2,Credit Card,Completed,4.9
ORD01346,2026-02-10,Chennai T Nagar,Chennai,Tamil Nadu,South,Karthik Iyer,Beauty,Perfume,2,1861.98,0,3723.96,2100,1623.96,Debit Card,Completed,3.3
ORD01347,2026-06-04,Chennai T Nagar,Chennai,Tamil Nadu,South,Karthik Iyer,Clothing,Jeans,1,1767.95,5,1679.55,1050,629.55,Cash,Completed,3.0
ORD01348,2026-07-12,Delhi Connaught,Delhi,Delhi,North,Amit Verma,Beauty,Shampoo,3,469.88,5,1339.16,870,469.16,Credit Card,Completed,3.1
ORD01349,2026-03-30,Bengaluru MG Road,Bengaluru,Karnataka,South,Vikram Rao,Clothing,T-Shirt,3,878.26,5,2503.04,1500,1003.04,UPI,Completed,3.7
ORD01350,2026-08-11,Mumbai Andheri,Mumbai,Maharashtra,West,Neha Kapoor,Beauty,Perfume,2,1828.91,10,3292.04,2100,1192.04,UPI,Completed,4.0
ORD01351,2026-04-16,Lucknow Hazratganj,Lucknow,Uttar Pradesh,North,Sanjay Singh,Beauty,Face Wash,6,345.99,20,1660.75,1320,340.75,UPI,Completed,4.6
ORD01352,2026-04-13,Hyderabad Banjara,Hyderabad,Telangana,South,Anjali Reddy,Grocery,Rice 5kg,4,657.96,10,2368.66,2040,328.66,Credit Card,Completed,3.6
ORD01353,2026-07-13,Delhi Connaught,Delhi,Delhi,North,Amit Verma,Beauty,Perfume,5,1721.33,0,8606.65,5250,3356.65,UPI,Completed,4.8
ORD01354,2026-02-09,Hyderabad Banjara,Hyderabad,Telangana,South,Anjali Reddy,Clothing,T-Shirt,4,876.03,0,3504.12,2000,1504.12,UPI,Completed,4.9
ORD01355,2026-07-27,Hyderabad Banjara,Hyderabad,Telangana,South,Anjali Reddy,Clothing,Sneakers,5,4025.76,15,17109.48,13000,4109.48,Credit Card,Completed,3.2
ORD01356,2026-01-20,Kolkata Park Street,Kolkata,West Bengal,East,Priya Sen,Clothing,Sneakers,3,4003.72,5,11410.6,7800,3610.6,Debit Card,Completed,4.2
ORD01357,2026-03-20,Kolkata Park Street,Kolkata,West Bengal,East,Priya Sen,Home & Kitchen,Dinner Set,3,2360.49,10,6373.32,4650,1723.32,Cash,Completed,4.3
ORD01358,2026-05-12,Chennai T Nagar,Chennai,Tamil Nadu,South,Karthik Iyer,Grocery,Biscuits Pack,3,104.77,5,298.59,216,82.59,Credit Card,Completed,4.1
ORD01359,2026-05-19,Hyderabad Banjara,Hyderabad,Telangana,South,Anjali Reddy,Grocery,Tea 500g,5,293.28,0,-1466.4,1050,-2516.4,Cash,Returned,4.8
ORD01360,2026-02-09,Lucknow Hazratganj,Lucknow,Uttar Pradesh,North,Sanjay Singh,Clothing,Jacket,6,3310.18,10,17874.97,11400,6474.97,Cash,Completed,4.8
ORD01361,2026-07-06,Jaipur Central,Jaipur,Rajasthan,West,Rajesh Sharma,Beauty,Perfume,4,1815.84,10,6537.02,4200,2337.02,Debit Card,Completed,4.9
ORD01362,2026-08-28,Delhi Connaught,Delhi,Delhi,North,Amit Verma,Home & Kitchen,Mixer Grinder,2,3762.44,10,6772.39,5400,1372.39,UPI,Completed,3.3
ORD01363,2026-04-20,Hyderabad Banjara,Hyderabad,Telangana,South,Anjali Reddy,Electronics,Laptop,4,54213.29,15,184325.19,168000,16325.19,Credit Card,Completed,3.7
ORD01364,2026-06-01,Delhi Connaught,Delhi,Delhi,North,Amit Verma,Grocery,Tea 500g,5,269.07,0,1345.35,1050,295.35,Net Banking,Completed,4.8
ORD01365,2026-07-18,Mumbai Andheri,Mumbai,Maharashtra,West,Neha Kapoor,Clothing,Jacket,1,3163.9,5,3005.7,1900,1105.7,Cash,Completed,3.5
ORD01366,2026-05-06,Delhi Connaught,Delhi,Delhi,North,Amit Verma,Home & Kitchen,Mixer Grinder,4,3730.49,0,0.0,10800,0.0,UPI,Cancelled,
ORD01367,2026-03-31,Bengaluru MG Road,Bengaluru,Karnataka,South,Vikram Rao,Home & Kitchen,Mixer Grinder,2,3739.53,20,5983.25,5400,583.25,Net Banking,Completed,4.2
ORD01368,2026-08-09,Delhi Connaught,Delhi,Delhi,North,Amit Verma,Grocery,Biscuits Pack,4,97.71,10,351.76,288,63.76,Net Banking,Completed,4.4
ORD01369,2026-04-24,Kolkata Park Street,Kolkata,West Bengal,East,Priya Sen,Clothing,Jacket,5,3344.53,15,14214.25,9500,4714.25,Debit Card,Completed,3.8
ORD01370,2026-04-14,Delhi Connaught,Delhi,Delhi,North,Amit Verma,Home & Kitchen,Water Bottle,2,731.48,5,1389.81,800,589.81,Credit Card,Completed,4.8
ORD01371,2026-05-10,Jaipur Central,Jaipur,Rajasthan,West,Rajesh Sharma,Clothing,Jeans,3,1745.74,10,4713.5,3150,1563.5,Debit Card,Completed,3.2
ORD01372,2026-03-07,Bengaluru MG Road,Bengaluru,Karnataka,South,Vikram Rao,Beauty,Perfume,1,1741.37,5,1654.3,1050,604.3,Credit Card,Completed,3.8
ORD01373,2026-05-01,Lucknow Hazratganj,Lucknow,Uttar Pradesh,North,Sanjay Singh,Beauty,Shampoo,5,438.05,5,2080.74,1450,630.74,Cash,Completed,3.9
ORD01374,2026-04-27,Bengaluru MG Road,Bengaluru,Karnataka,South,Vikram Rao,Grocery,Tea 500g,2,285.0,0,0.0,420,0.0,Credit Card,Cancelled,
ORD01375,2026-07-12,Bengaluru MG Road,Bengaluru,Karnataka,South,Vikram Rao,Beauty,Shampoo,3,454.98,0,-1364.94,870,-2234.94,UPI,Returned,3.8
ORD01376,2026-03-19,Mumbai Andheri,Mumbai,Maharashtra,West,Neha Kapoor,Clothing,T-Shirt,3,919.18,20,-2206.03,1500,-3706.03,Net Banking,Returned,3.3
ORD01377,2026-01-20,Kolkata Park Street,Kolkata,West Bengal,East,Priya Sen,Electronics,Smartphone,5,22695.02,0,113475.1,80000,33475.1,Net Banking,Completed,3.5
ORD01378,2026-08-29,Jaipur Central,Jaipur,Rajasthan,West,Rajesh Sharma,Home & Kitchen,Dinner Set,3,2505.95,15,6390.17,4650,1740.17,Net Banking,Completed,4.3
ORD01379,2026-02-25,Bengaluru MG Road,Bengaluru,Karnataka,South,Vikram Rao,Grocery,Biscuits Pack,5,98.07,20,392.28,360,32.28,Credit Card,Completed,4.9
ORD01380,2026-02-20,Delhi Connaught,Delhi,Delhi,North,Amit Verma,Grocery,Tea 500g,6,283.92,10,1533.17,1260,273.17,Cash,Completed,3.1
ORD01381,2026-04-10,Kolkata Park Street,Kolkata,West Bengal,East,Priya Sen,Clothing,Sneakers,2,4048.69,15,6882.77,5200,1682.77,Cash,Completed,4.2
ORD01382,2026-08-05,Delhi Connaught,Delhi,Delhi,North,Amit Verma,Home & Kitchen,Mixer Grinder,3,3933.2,5,11209.62,8100,3109.62,Debit Card,Completed,4.4
ORD01383,2026-03-17,Mumbai Andheri,Mumbai,Maharashtra,West,Neha Kapoor,Clothing,Jacket,2,3174.33,15,5396.36,3800,1596.36,Net Banking,Completed,3.0
ORD01384,2026-08-20,Lucknow Hazratganj,Lucknow,Uttar Pradesh,North,Sanjay Singh,Home & Kitchen,Dinner Set,2,2395.82,5,4552.06,3100,1452.06,Cash,Completed,4.9
ORD01385,2026-08-05,Jaipur Central,Jaipur,Rajasthan,West,Rajesh Sharma,Beauty,Face Wash,6,341.69,10,1845.13,1320,525.13,Cash,Completed,3.4
ORD01386,2026-05-22,Mumbai Andheri,Mumbai,Maharashtra,West,Neha Kapoor,Beauty,Shampoo,3,448.02,10,-1209.65,870,-2079.65,UPI,Returned,4.4
ORD01387,2026-08-22,Lucknow Hazratganj,Lucknow,Uttar Pradesh,North,Sanjay Singh,Beauty,Perfume,1,1729.5,15,1470.08,1050,420.08,Net Banking,Completed,3.2
ORD01388,2026-07-05,Kolkata Park Street,Kolkata,West Bengal,East,Priya Sen,Grocery,Tea 500g,3,266.13,5,758.47,630,128.47,Credit Card,Completed,3.8
ORD01389,2026-07-15,Hyderabad Banjara,Hyderabad,Telangana,South,Anjali Reddy,Beauty,Perfume,1,1759.98,10,1583.98,1050,533.98,Cash,Completed,4.4
ORD01390,2026-08-24,Jaipur Central,Jaipur,Rajasthan,West,Rajesh Sharma,Beauty,Moisturizer,2,525.89,5,999.19,680,319.19,Cash,Completed,4.0
ORD01391,2026-08-12,Chennai T Nagar,Chennai,Tamil Nadu,South,Karthik Iyer,Electronics,Smartphone,4,23044.79,5,87570.2,64000,23570.2,Credit Card,Completed,4.9
ORD01392,2026-07-14,Mumbai Andheri,Mumbai,Maharashtra,West,Neha Kapoor,Clothing,Jeans,2,1812.27,10,3262.09,2100,1162.09,UPI,Completed,4.5
ORD01393,2026-04-15,Jaipur Central,Jaipur,Rajasthan,West,Rajesh Sharma,Home & Kitchen,Coffee Maker,3,5026.07,10,13570.39,10800,2770.39,Net Banking,Completed,3.7
ORD01394,2026-06-04,Jaipur Central,Jaipur,Rajasthan,West,Rajesh Sharma,Beauty,Face Wash,5,355.1,0,1775.5,1100,675.5,Cash,Completed,4.0
ORD01395,2026-02-11,Kolkata Park Street,Kolkata,West Bengal,East,Priya Sen,Beauty,Face Wash,6,366.93,15,1871.34,1320,551.34,UPI,Completed,3.7
ORD01396,2026-02-10,Lucknow Hazratganj,Lucknow,Uttar Pradesh,North,Sanjay Singh,Electronics,Smartphone,6,22239.59,0,133437.54,96000,37437.54,Credit Card,Completed,4.6
ORD01397,2026-04-04,Jaipur Central,Jaipur,Rajasthan,West,Rajesh Sharma,Grocery,Rice 5kg,4,632.64,10,2277.5,2040,237.5,Debit Card,Completed,4.6
ORD01398,2026-06-08,Lucknow Hazratganj,Lucknow,Uttar Pradesh,North,Sanjay Singh,Home & Kitchen,Mixer Grinder,4,3624.91,20,11599.71,10800,799.71,UPI,Completed,4.3
ORD01399,2026-08-12,Bengaluru MG Road,Bengaluru,Karnataka,South,Vikram Rao,Home & Kitchen,Mixer Grinder,2,3944.98,15,0.0,5400,0.0,Net Banking,Cancelled,
ORD01400,2026-01-25,Delhi Connaught,Delhi,Delhi,North,Amit Verma,Beauty,Face Wash,6,341.21,5,1944.9,1320,624.9,Net Banking,Completed,4.0
ORD01401,2026-01-08,Lucknow Hazratganj,Lucknow,Uttar Pradesh,North,Sanjay Singh,Electronics,Smartphone,5,20910.77,0,104553.85,80000,24553.85,UPI,Completed,3.8
ORD01402,2026-03-28,Kolkata Park Street,Kolkata,West Bengal,East,Priya Sen,Grocery,Rice 5kg,5,624.34,10,2809.53,2550,259.53,UPI,Completed,3.7
ORD01403,2026-03-23,Delhi Connaught,Delhi,Delhi,North,Amit Verma,Grocery,Rice 5kg,6,652.36,5,3718.45,3060,658.45,Credit Card,Completed,3.9
ORD01404,2026-07-28,Hyderabad Banjara,Hyderabad,Telangana,South,Anjali Reddy,Beauty,Perfume,1,1855.91,20,1484.73,1050,434.73,Net Banking,Completed,4.5
ORD01405,2026-06-16,Delhi Connaught,Delhi,Delhi,North,Amit Verma,Electronics,Laptop,6,54024.06,5,307937.14,252000,55937.14,Cash,Completed,3.9
ORD01406,2026-06-17,Bengaluru MG Road,Bengaluru,Karnataka,South,Vikram Rao,Clothing,Jeans,6,1782.66,10,9626.36,6300,3326.36,Debit Card,Completed,4.6
ORD01407,2026-01-01,Lucknow Hazratganj,Lucknow,Uttar Pradesh,North,Sanjay Singh,Grocery,Cooking Oil 1L,5,149.68,0,748.4,600,148.4,Net Banking,Completed,3.7
ORD01408,2026-06-01,Hyderabad Banjara,Hyderabad,Telangana,South,Anjali Reddy,Electronics,Smartwatch,2,4385.07,10,7893.13,5800,2093.13,Credit Card,Completed,3.9
ORD01409,2026-05-08,Lucknow Hazratganj,Lucknow,Uttar Pradesh,North,Sanjay Singh,Beauty,Perfume,2,1766.85,0,3533.7,2100,1433.7,Credit Card,Completed,3.2
ORD01410,2026-04-10,Kolkata Park Street,Kolkata,West Bengal,East,Priya Sen,Electronics,Smartwatch,4,4587.0,0,18348.0,11600,6748.0,UPI,Completed,3.5
ORD01411,2026-06-05,Bengaluru MG Road,Bengaluru,Karnataka,South,Vikram Rao,Grocery,Tea 500g,5,281.75,20,0.0,1050,0.0,UPI,Cancelled,
ORD01412,2026-08-11,Jaipur Central,Jaipur,Rajasthan,West,Rajesh Sharma,Beauty,Face Wash,6,335.46,0,2012.76,1320,692.76,Debit Card,Completed,4.5
ORD01413,2026-06-10,Lucknow Hazratganj,Lucknow,Uttar Pradesh,North,Sanjay Singh,Electronics,Headphones,6,1752.78,10,9465.01,6600,2865.01,Cash,Completed,3.4
ORD01414,2026-03-10,Bengaluru MG Road,Bengaluru,Karnataka,South,Vikram Rao,Electronics,Smartphone,2,21131.74,0,-42263.48,32000,-74263.48,UPI,Returned,3.8
ORD01415,2026-07-27,Delhi Connaught,Delhi,Delhi,North,Amit Verma,Clothing,Jeans,4,1774.1,10,6386.76,4200,2186.76,Net Banking,Completed,3.7
ORD01416,2026-02-28,Delhi Connaught,Delhi,Delhi,North,Amit Verma,Beauty,Shampoo,1,451.83,10,406.65,290,116.65,Net Banking,Completed,4.1
ORD01417,2026-04-27,Lucknow Hazratganj,Lucknow,Uttar Pradesh,North,Sanjay Singh,Grocery,Rice 5kg,1,636.91,10,573.22,510,63.22,UPI,Completed,4.3
ORD01418,2026-08-22,Lucknow Hazratganj,Lucknow,Uttar Pradesh,North,Sanjay Singh,Clothing,Sneakers,4,4093.13,20,13098.02,10400,2698.02,Net Banking,Completed,4.3
ORD01419,2026-08-13,Lucknow Hazratganj,Lucknow,Uttar Pradesh,North,Sanjay Singh,Grocery,Biscuits Pack,6,101.22,10,546.59,432,114.59,Debit Card,Completed,4.0
ORD01420,2026-08-25,Lucknow Hazratganj,Lucknow,Uttar Pradesh,North,Sanjay Singh,Electronics,Laptop,1,52620.54,0,-52620.54,42000,-94620.54,Debit Card,Returned,4.7
ORD01421,2026-02-07,Delhi Connaught,Delhi,Delhi,North,Amit Verma,Home & Kitchen,Mixer Grinder,3,3702.29,5,10551.53,8100,2451.53,Credit Card,Completed,3.9
ORD01422,2026-05-29,Kolkata Park Street,Kolkata,West Bengal,East,Priya Sen,Clothing,T-Shirt,1,862.07,0,862.07,500,362.07,Debit Card,Completed,3.1
ORD01423,2026-04-20,Kolkata Park Street,Kolkata,West Bengal,East,Priya Sen,Clothing,Sneakers,5,4024.34,10,18109.53,13000,5109.53,Cash,Completed,4.6
ORD01424,2026-05-25,Chennai T Nagar,Chennai,Tamil Nadu,South,Karthik Iyer,Home & Kitchen,Mixer Grinder,5,3969.88,15,16871.99,13500,3371.99,Debit Card,Completed,4.1
ORD01425,2026-06-06,Hyderabad Banjara,Hyderabad,Telangana,South,Anjali Reddy,Home & Kitchen,Mixer Grinder,2,3988.58,5,7578.3,5400,2178.3,Credit Card,Completed,3.3
ORD01426,2026-01-23,Lucknow Hazratganj,Lucknow,Uttar Pradesh,North,Sanjay Singh,Home & Kitchen,Water Bottle,3,666.16,0,1998.48,1200,798.48,Cash,Completed,3.5
ORD01427,2026-04-18,Mumbai Andheri,Mumbai,Maharashtra,West,Neha Kapoor,Electronics,Smartwatch,1,4442.92,5,4220.77,2900,1320.77,Net Banking,Completed,4.7
ORD01428,2026-03-03,Jaipur Central,Jaipur,Rajasthan,West,Rajesh Sharma,Clothing,Jeans,1,1719.02,10,1547.12,1050,497.12,Net Banking,Completed,4.0
ORD01429,2026-03-04,Lucknow Hazratganj,Lucknow,Uttar Pradesh,North,Sanjay Singh,Home & Kitchen,Dinner Set,6,2438.37,15,12435.69,9300,3135.69,Net Banking,Completed,3.8
ORD01430,2026-06-19,Kolkata Park Street,Kolkata,West Bengal,East,Priya Sen,Home & Kitchen,Dinner Set,6,2342.09,5,13349.91,9300,4049.91,Debit Card,Completed,4.1
ORD01431,2026-03-24,Hyderabad Banjara,Hyderabad,Telangana,South,Anjali Reddy,Electronics,Headphones,4,1787.61,15,6077.87,4400,1677.87,Debit Card,Completed,3.6
ORD01432,2026-04-07,Mumbai Andheri,Mumbai,Maharashtra,West,Neha Kapoor,Grocery,Cooking Oil 1L,1,150.66,0,0.0,120,0.0,Debit Card,Cancelled,
ORD01433,2026-08-23,Hyderabad Banjara,Hyderabad,Telangana,South,Anjali Reddy,Home & Kitchen,Water Bottle,6,733.28,0,4399.68,2400,1999.68,Debit Card,Completed,4.6
ORD01434,2026-07-12,Chennai T Nagar,Chennai,Tamil Nadu,South,Karthik Iyer,Home & Kitchen,Coffee Maker,5,5141.51,20,20566.04,18000,2566.04,Debit Card,Completed,3.3
ORD01435,2026-05-15,Hyderabad Banjara,Hyderabad,Telangana,South,Anjali Reddy,Beauty,Shampoo,6,431.32,5,2458.52,1740,718.52,UPI,Completed,4.6
ORD01436,2026-01-14,Delhi Connaught,Delhi,Delhi,North,Amit Verma,Clothing,Sneakers,6,4101.99,20,0.0,15600,0.0,Net Banking,Cancelled,
ORD01437,2026-08-09,Mumbai Andheri,Mumbai,Maharashtra,West,Neha Kapoor,Grocery,Rice 5kg,3,659.62,0,1978.86,1530,448.86,UPI,Completed,4.3
ORD01438,2026-02-19,Hyderabad Banjara,Hyderabad,Telangana,South,Anjali Reddy,Electronics,Headphones,2,1849.27,10,3328.69,2200,1128.69,Net Banking,Completed,3.9
ORD01439,2026-02-05,Bengaluru MG Road,Bengaluru,Karnataka,South,Vikram Rao,Beauty,Shampoo,6,441.89,0,2651.34,1740,911.34,Debit Card,Completed,3.6
ORD01440,2026-05-14,Jaipur Central,Jaipur,Rajasthan,West,Rajesh Sharma,Clothing,Sneakers,1,4000.48,0,4000.48,2600,1400.48,Cash,Completed,4.9
ORD01441,2026-07-19,Jaipur Central,Jaipur,Rajasthan,West,Rajesh Sharma,Electronics,Smartwatch,6,4295.2,5,24482.64,17400,7082.64,Cash,Completed,3.7
ORD01442,2026-03-21,Jaipur Central,Jaipur,Rajasthan,West,Rajesh Sharma,Grocery,Cooking Oil 1L,2,145.01,0,290.02,240,50.02,Cash,Completed,3.5
ORD01443,2026-01-30,Chennai T Nagar,Chennai,Tamil Nadu,South,Karthik Iyer,Clothing,Jacket,6,3118.01,5,17772.66,11400,6372.66,Net Banking,Completed,4.8
ORD01444,2026-04-18,Delhi Connaught,Delhi,Delhi,North,Amit Verma,Grocery,Rice 5kg,4,646.56,5,2456.93,2040,416.93,Net Banking,Completed,4.1
ORD01445,2026-08-09,Delhi Connaught,Delhi,Delhi,North,Amit Verma,Electronics,Smartwatch,2,4462.77,0,8925.54,5800,3125.54,Credit Card,Completed,3.0
ORD01446,2026-03-30,Delhi Connaught,Delhi,Delhi,North,Amit Verma,Beauty,Moisturizer,3,527.43,10,1424.06,1020,404.06,Credit Card,Completed,4.0
ORD01447,2026-04-19,Delhi Connaught,Delhi,Delhi,North,Amit Verma,Clothing,Jeans,2,1857.87,10,3344.17,2100,1244.17,Cash,Completed,3.3
ORD01448,2026-05-05,Lucknow Hazratganj,Lucknow,Uttar Pradesh,North,Sanjay Singh,Home & Kitchen,Water Bottle,5,712.06,10,3204.27,2000,1204.27,UPI,Completed,3.7
ORD01449,2026-08-14,Jaipur Central,Jaipur,Rajasthan,West,Rajesh Sharma,Grocery,Tea 500g,1,270.97,5,257.42,210,47.42,Net Banking,Completed,3.1
ORD01450,2026-06-08,Delhi Connaught,Delhi,Delhi,North,Amit Verma,Clothing,T-Shirt,5,872.55,0,4362.75,2500,1862.75,Net Banking,Completed,4.5
ORD01451,2026-07-26,Jaipur Central,Jaipur,Rajasthan,West,Rajesh Sharma,Home & Kitchen,Water Bottle,2,713.0,0,1426.0,800,626.0,UPI,Completed,4.4
ORD01452,2026-01-30,Bengaluru MG Road,Bengaluru,Karnataka,South,Vikram Rao,Beauty,Moisturizer,1,544.11,10,489.7,340,149.7,Credit Card,Completed,4.4
ORD01453,2026-01-01,Bengaluru MG Road,Bengaluru,Karnataka,South,Vikram Rao,Beauty,Moisturizer,5,576.56,5,2738.66,1700,1038.66,Debit Card,Completed,3.4
ORD01454,2026-07-16,Delhi Connaught,Delhi,Delhi,North,Amit Verma,Grocery,Cooking Oil 1L,3,151.25,0,453.75,360,93.75,Net Banking,Completed,4.6
ORD01455,2026-04-16,Jaipur Central,Jaipur,Rajasthan,West,Rajesh Sharma,Beauty,Face Wash,5,362.11,20,1448.44,1100,348.44,Credit Card,Completed,3.4
ORD01456,2026-06-16,Kolkata Park Street,Kolkata,West Bengal,East,Priya Sen,Home & Kitchen,Coffee Maker,5,4986.51,0,24932.55,18000,6932.55,Debit Card,Completed,4.4
ORD01457,2026-03-24,Kolkata Park Street,Kolkata,West Bengal,East,Priya Sen,Clothing,Jacket,1,3279.19,20,2623.35,1900,723.35,Cash,Completed,4.5
ORD01458,2026-04-27,Hyderabad Banjara,Hyderabad,Telangana,South,Anjali Reddy,Clothing,Jacket,5,3133.72,0,15668.6,9500,6168.6,Credit Card,Completed,5.0
ORD01459,2026-03-16,Hyderabad Banjara,Hyderabad,Telangana,South,Anjali Reddy,Electronics,Headphones,1,1885.48,0,1885.48,1100,785.48,Credit Card,Completed,4.2
ORD01460,2026-06-22,Bengaluru MG Road,Bengaluru,Karnataka,South,Vikram Rao,Beauty,Perfume,1,1804.43,10,1623.99,1050,573.99,Cash,Completed,4.3
ORD01461,2026-03-30,Chennai T Nagar,Chennai,Tamil Nadu,South,Karthik Iyer,Home & Kitchen,Coffee Maker,5,5291.01,10,23809.55,18000,5809.55,Debit Card,Completed,3.3
ORD01462,2026-05-01,Delhi Connaught,Delhi,Delhi,North,Amit Verma,Home & Kitchen,Coffee Maker,1,5022.52,0,5022.52,3600,1422.52,Net Banking,Completed,4.5
ORD01463,2026-07-10,Mumbai Andheri,Mumbai,Maharashtra,West,Neha Kapoor,Grocery,Rice 5kg,2,626.31,5,1189.99,1020,169.99,Debit Card,Completed,3.6
ORD01464,2026-02-07,Kolkata Park Street,Kolkata,West Bengal,East,Priya Sen,Clothing,Jeans,6,1710.05,15,8721.25,6300,2421.25,Debit Card,Completed,3.0
ORD01465,2026-03-14,Kolkata Park Street,Kolkata,West Bengal,East,Priya Sen,Home & Kitchen,Water Bottle,6,710.39,0,4262.34,2400,1862.34,Net Banking,Completed,4.8
ORD01466,2026-05-02,Bengaluru MG Road,Bengaluru,Karnataka,South,Vikram Rao,Electronics,Laptop,2,53845.98,15,91538.17,84000,7538.17,Credit Card,Completed,4.5
ORD01467,2026-03-15,Jaipur Central,Jaipur,Rajasthan,West,Rajesh Sharma,Home & Kitchen,Water Bottle,4,722.74,0,2890.96,1600,1290.96,UPI,Completed,4.9
ORD01468,2026-08-26,Lucknow Hazratganj,Lucknow,Uttar Pradesh,North,Sanjay Singh,Electronics,Headphones,1,1716.51,0,1716.51,1100,616.51,UPI,Completed,3.2
ORD01469,2026-03-26,Bengaluru MG Road,Bengaluru,Karnataka,South,Vikram Rao,Grocery,Tea 500g,2,287.13,10,-516.83,420,-936.83,UPI,Returned,3.9
ORD01470,2026-04-28,Delhi Connaught,Delhi,Delhi,North,Amit Verma,Beauty,Face Wash,5,333.3,0,1666.5,1100,566.5,Debit Card,Completed,3.1
ORD01471,2026-04-30,Jaipur Central,Jaipur,Rajasthan,West,Rajesh Sharma,Electronics,Smartphone,2,21897.42,0,43794.84,32000,11794.84,Cash,Completed,3.8
ORD01472,2026-06-21,Delhi Connaught,Delhi,Delhi,North,Amit Verma,Electronics,Laptop,3,53765.45,10,145166.71,126000,19166.71,Credit Card,Completed,5.0
ORD01473,2026-02-03,Hyderabad Banjara,Hyderabad,Telangana,South,Anjali Reddy,Grocery,Rice 5kg,6,650.14,5,3705.8,3060,645.8,UPI,Completed,4.4
ORD01474,2026-08-15,Lucknow Hazratganj,Lucknow,Uttar Pradesh,North,Sanjay Singh,Grocery,Tea 500g,4,270.0,0,0.0,840,0.0,UPI,Cancelled,
ORD01475,2026-05-29,Hyderabad Banjara,Hyderabad,Telangana,South,Anjali Reddy,Grocery,Tea 500g,5,269.3,10,1211.85,1050,161.85,UPI,Completed,3.2
ORD01476,2026-01-22,Kolkata Park Street,Kolkata,West Bengal,East,Priya Sen,Grocery,Biscuits Pack,1,104.68,10,94.21,72,22.21,Cash,Completed,4.8
ORD01477,2026-05-06,Jaipur Central,Jaipur,Rajasthan,West,Rajesh Sharma,Beauty,Perfume,6,1874.26,5,10683.28,6300,4383.28,Net Banking,Completed,4.8
ORD01478,2026-05-02,Jaipur Central,Jaipur,Rajasthan,West,Rajesh Sharma,Clothing,T-Shirt,3,895.83,10,2418.74,1500,918.74,UPI,Completed,3.3
ORD01479,2026-08-10,Chennai T Nagar,Chennai,Tamil Nadu,South,Karthik Iyer,Electronics,Headphones,3,1852.67,0,0.0,3300,0.0,UPI,Cancelled,
ORD01480,2026-08-25,Mumbai Andheri,Mumbai,Maharashtra,West,Neha Kapoor,Beauty,Face Wash,5,359.65,10,1618.42,1100,518.42,Debit Card,Completed,4.3
ORD01481,2026-01-10,Jaipur Central,Jaipur,Rajasthan,West,Rajesh Sharma,Clothing,Jacket,6,3052.37,20,14651.38,11400,3251.38,Cash,Completed,4.7
ORD01482,2026-07-03,Jaipur Central,Jaipur,Rajasthan,West,Rajesh Sharma,Grocery,Tea 500g,2,291.95,0,583.9,420,163.9,Net Banking,Completed,3.2
ORD01483,2026-05-21,Chennai T Nagar,Chennai,Tamil Nadu,South,Karthik Iyer,Electronics,Laptop,4,57636.06,5,219017.03,168000,51017.03,Net Banking,Completed,3.4
ORD01484,2026-02-05,Kolkata Park Street,Kolkata,West Bengal,East,Priya Sen,Home & Kitchen,Coffee Maker,2,5194.88,0,10389.76,7200,3189.76,Debit Card,Completed,3.8
ORD01485,2026-04-25,Mumbai Andheri,Mumbai,Maharashtra,West,Neha Kapoor,Clothing,Jeans,2,1889.08,20,0.0,2100,0.0,Credit Card,Cancelled,
ORD01486,2026-06-26,Mumbai Andheri,Mumbai,Maharashtra,West,Neha Kapoor,Clothing,Jacket,4,3116.11,5,-11841.22,7600,-19441.22,Net Banking,Returned,3.6
ORD01487,2026-07-02,Hyderabad Banjara,Hyderabad,Telangana,South,Anjali Reddy,Electronics,Smartphone,3,20918.48,0,62755.44,48000,14755.44,Cash,Completed,3.3
ORD01488,2026-08-15,Kolkata Park Street,Kolkata,West Bengal,East,Priya Sen,Beauty,Shampoo,6,448.95,5,2559.01,1740,819.01,UPI,Completed,4.1
ORD01489,2026-02-08,Bengaluru MG Road,Bengaluru,Karnataka,South,Vikram Rao,Grocery,Rice 5kg,4,662.1,0,2648.4,2040,608.4,Net Banking,Completed,5.0
ORD01490,2026-03-23,Hyderabad Banjara,Hyderabad,Telangana,South,Anjali Reddy,Clothing,Jeans,4,1802.29,20,5767.33,4200,1567.33,UPI,Completed,3.6
ORD01491,2026-05-26,Mumbai Andheri,Mumbai,Maharashtra,West,Neha Kapoor,Clothing,Jacket,3,3064.43,5,8733.63,5700,3033.63,Debit Card,Completed,4.2
ORD01492,2026-06-19,Delhi Connaught,Delhi,Delhi,North,Amit Verma,Home & Kitchen,Mixer Grinder,4,3871.36,10,13936.9,10800,3136.9,UPI,Completed,4.4
ORD01493,2026-01-11,Hyderabad Banjara,Hyderabad,Telangana,South,Anjali Reddy,Clothing,Sneakers,6,4310.68,10,23277.67,15600,7677.67,UPI,Completed,3.8
ORD01494,2026-08-17,Jaipur Central,Jaipur,Rajasthan,West,Rajesh Sharma,Clothing,Jacket,4,3128.17,10,-11261.41,7600,-18861.41,Debit Card,Returned,4.5
ORD01495,2026-07-31,Lucknow Hazratganj,Lucknow,Uttar Pradesh,North,Sanjay Singh,Beauty,Face Wash,2,359.12,10,646.42,440,206.42,Cash,Completed,4.4
ORD01496,2026-07-09,Bengaluru MG Road,Bengaluru,Karnataka,South,Vikram Rao,Beauty,Shampoo,2,468.05,10,842.49,580,262.49,Cash,Completed,4.6
ORD01497,2026-07-31,Mumbai Andheri,Mumbai,Maharashtra,West,Neha Kapoor,Clothing,T-Shirt,6,856.03,5,4879.37,3000,1879.37,Cash,Completed,3.6
ORD01498,2026-06-14,Chennai T Nagar,Chennai,Tamil Nadu,South,Karthik Iyer,Grocery,Tea 500g,1,282.62,5,268.49,210,58.49,UPI,Completed,4.8
ORD01499,2026-04-08,Delhi Connaught,Delhi,Delhi,North,Amit Verma,Beauty,Shampoo,5,431.98,10,0.0,1450,0.0,Net Banking,Cancelled,
ORD01500,2026-05-27,Chennai T Nagar,Chennai,Tamil Nadu,South,Karthik Iyer,Beauty,Face Wash,5,349.38,10,1572.21,1100,472.21,UPI,Completed,3.7
